TAZ,PUMA,REGION
4398,2504902,1
2571,2504901,1
2669,2504902,1
4392,2504902,1
2641,2504903,1
2643,2504903,1
2666,2504903,1
2665,2504903,1
2675,2504903,1
1961,2500703,1
2569,2504901,1
2670,2504902,1
2674,2504902,1
2542,2504901,1
1807,2503900,1
2672,2504902,1
2673,2504902,1
2684,2504903,1
4406,2504902,1
4313,2504500,1
4407,2504902,1
1829,2503900,1
4314,2504500,1
4408,2504902,1
2668,2504902,1
1900,2504902,1
2654,2504902,1
2655,2504902,1
1794,2503900,1
4324,2504500,1
2682,2504903,1
2683,2504903,1
2680,2504903,1
2677,2504903,1
1833,2503900,1
2707,2504903,1
2649,2504902,1
1830,2503900,1
4295,2504500,1
2671,2504902,1
2653,2504902,1
2656,2504902,1
2660,2504903,1
4158,2504302,1
207942,4400300,1
4248,2504301,1
2661,2504903,1
2681,2504903,1
2679,2504903,1
4145,2504302,1
2678,2504903,1
1083,2503603,1
1735,2504000,1
2705,2504903,1
2650,2504902,1
2652,2504902,1
2657,2504902,1
2658,2504902,1
268,2503301,1
2638,2504903,1
4149,2504302,1
2642,2504903,1
2663,2504903,1
208396,4400103,1
2662,2504903,1
2664,2504903,1
208398,4400103,1
2676,2504903,1
1822,2503900,1
2651,2504902,1
1897,2504902,1
1898,2504902,1
1909,2504902,1
1127,2503603,1
2659,2504902,1
2636,2504903,1
2639,2504903,1
1896,2504902,1
1895,2504902,1
1899,2504902,1
1872,2503900,1
1911,2504903,1
1914,2504903,1
1907,2504902,1
1915,2504903,1
2637,2504903,1
2644,2504903,1
2645,2504903,1
2667,2504903,1
1893,2504902,1
1894,2504902,1
1908,2504902,1
1912,2504903,1
1916,2504903,1
2640,2504903,1
1883,2504901,1
1866,2503900,1
1890,2504901,1
1892,2504901,1
1901,2504902,1
1906,2504902,1
1125,2503603,1
4109,2504200,1
1889,2504901,1
1891,2504901,1
1806,2503900,1
1864,2503900,1
1905,2504902,1
1868,2503900,1
208347,4400102,1
1860,2503900,1
1859,2503900,1
1869,2503900,1
1870,2503900,1
1910,2504903,1
1834,2503900,1
1832,2503900,1
1862,2503900,1
1902,2504902,1
1090,2503603,1
94,2503302,1
1904,2504902,1
1863,2503900,1
1847,2503900,1
1702,2503602,1
1861,2503900,1
1112,2503603,1
3030,2500304,1
1858,2503900,1
1088,2503603,1
1844,2503900,1
1838,2503900,1
1837,2503900,1
1831,2503900,1
1118,2503603,1
1828,2503900,1
1823,2503900,1
1856,2503900,1
1853,2503900,1
1846,2503900,1
1840,2503900,1
208324,4400102,1
1845,2503900,1
1843,2503900,1
208423,4400104,1
1836,2503900,1
1835,2503900,1
1120,2503603,1
1116,2503603,1
1826,2503900,1
1827,2503900,1
1819,2503900,1
1688,2503602,1
1820,2503900,1
1854,2503900,1
1091,2503603,1
1873,2504901,1
1731,2503602,1
1805,2503900,1
1839,2503900,1
1842,2503900,1
1115,2503603,1
4262,2504500,1
1809,2503900,1
1804,2503900,1
2089,2500502,1
1818,2503900,1
1798,2503900,1
4270,2504500,1
1729,2503602,1
1730,2503602,1
266,2503301,1
1810,2503900,1
1821,2503900,1
1121,2503603,1
541,2500508,1
1813,2503900,1
1114,2503603,1
267,2503301,1
1817,2503900,1
1815,2503900,1
1113,2503603,1
269,2503301,1
1808,2503900,1
1811,2503900,1
1824,2503900,1
263,2503301,1
1814,2503900,1
1812,2503900,1
208260,4400103,1
1816,2503900,1
1698,2503602,1
1803,2503900,1
19,2503302,1
1126,2503603,1
1693,2503602,1
391,2503303,1
1696,2503602,1
1691,2503602,1
1800,2503900,1
1797,2503900,1
208174,4400104,1
1795,2503900,1
1124,2503603,1
1128,2503603,1
208365,4400103,1
1082,2503603,1
165,2503303,1
1123,2503603,1
1694,2503602,1
597,2500507,1
1689,2503602,1
1687,2503602,1
1070,2503603,1
1077,2503603,1
1081,2503603,1
1016,2503400,1
1796,2503900,1
1792,2503900,1
1119,2503603,1
1122,2503603,1
80,2503302,1
1117,2503603,1
1690,2503602,1
1686,2503602,1
88,2503302,1
1073,2503603,1
1074,2503603,1
1078,2503603,1
1079,2503603,1
1080,2503603,1
1093,2503603,1
1129,2503603,1
3284,2500301,1
1674,2503602,1
1072,2503603,1
1076,2503603,1
356,2503303,1
395,2503303,1
1087,2503603,1
5499,2501900,1
1130,2503603,1
208055,4400104,1
1069,2503603,1
1075,2503603,1
401,2503303,1
208296,4400103,1
394,2503303,1
1092,2503603,1
1111,2503603,1
1676,2503602,1
1071,2503603,1
402,2503304,1
400,2503303,1
373,2503304,1
387,2503303,1
1094,2503603,1
1108,2503603,1
1109,2503603,1
4224,2504302,1
5523,2501900,1
1067,2503602,1
409,2503305,1
403,2503304,1
2543,2504901,1
378,2503303,1
1096,2503603,1
1106,2503603,1
1107,2503603,1
1110,2503603,1
376,2503303,1
4029,2504303,1
4397,2504902,1
385,2503303,1
4061,2504303,1
2558,2504901,1
2559,2504901,1
4384,2504902,1
1297,2501300,1
4387,2504902,1
4067,2504303,1
1257,2500702,1
4027,2504303,1
4403,2504902,1
2557,2504901,1
2566,2504901,1
2567,2504901,1
4026,2504303,1
4385,2504902,1
208282,4400104,1
4386,2504902,1
4225,2504302,1
1066,2503602,1
4070,2504301,1
4069,2504303,1
4223,2504302,1
2535,2504901,1
4236,2504200,1
2536,2504901,1
4426,2504301,1
162,2503303,1
1100,2503603,1
2561,2504901,1
2565,2504901,1
2572,2504901,1
4402,2504902,1
414,2503305,1
4404,2504902,1
4396,2504902,1
4024,2504303,1
4390,2504301,1
208106,4400104,1
5566,2501900,1
4072,2504301,1
4066,2504303,1
2564,2504901,1
2570,2504901,1
4025,2504303,1
4405,2504902,1
1370,2500503,1
4034,2504303,1
4435,2504301,1
404,2503304,1
2533,2504901,1
2534,2504901,1
4222,2504302,1
2544,2504901,1
2568,2504901,1
4399,2504902,1
4393,2504902,1
4221,2504302,1
4391,2504301,1
4389,2504301,1
390,2503303,1
4357,2504301,1
4074,2504301,1
4342,2504301,1
4207,2504302,1
4235,2504200,1
4030,2504303,1
4031,2504303,1
4033,2504303,1
1767,2504000,1
2537,2504901,1
2562,2504901,1
4401,2504902,1
4329,2504500,1
4414,2504301,1
4257,2504500,1
4328,2504500,1
4415,2504301,1
4182,2504302,1
4416,2504301,1
4177,2504302,1
4440,2504301,1
4283,2504500,1
4155,2504302,1
207943,4400300,1
4436,2504301,1
4337,2504301,1
208271,4400103,1
4363,2504500,1
4075,2504301,1
208272,4400104,1
208273,4400104,1
4340,2504301,1
4212,2504302,1
4208,2504302,1
4227,2504302,1
4226,2504302,1
4237,2504200,1
4373,2504500,1
4240,2504200,1
4441,2504301,1
4238,2504200,1
4059,2504303,1
4056,2504303,1
4330,2504500,1
4042,2504303,1
4041,2504303,1
4431,2504301,1
4032,2504303,1
1768,2504000,1
4333,2504500,1
208283,4400104,1
1779,2504000,1
2538,2504901,1
2539,2504901,1
4410,2504902,1
4292,2504500,1
4421,2504301,1
4430,2504301,1
4417,2504301,1
4307,2504500,1
4438,2504301,1
4439,2504301,1
4168,2504302,1
4432,2504301,1
4433,2504301,1
4178,2504302,1
3097,2500300,1
4362,2504500,1
4258,2504500,1
4284,2504500,1
4358,2504301,1
3188,2500300,1
4338,2504301,1
4204,2504302,1
4229,2504302,1
4230,2504302,1
4231,2504302,1
3193,2500300,1
4347,2504301,1
3194,2500300,1
4377,2504301,1
4213,2504302,1
4228,2504302,1
4233,2504200,1
4234,2504200,1
4232,2504200,1
208611,4400300,1
208612,4400300,1
4045,2504303,1
208386,4400103,1
4060,2504303,1
4058,2504303,1
3195,2500300,1
4057,2504303,1
4047,2504303,1
4205,2504302,1
3196,2500300,1
4035,2504303,1
1783,2504000,1
1774,2504000,1
4206,2504302,1
2540,2504901,1
2541,2504901,1
4309,2504500,1
4412,2504902,1
2712,2504903,1
2715,2504903,1
4420,2504301,1
4311,2504500,1
4418,2504301,1
4427,2504301,1
4152,2504302,1
208629,4400300,1
4429,2504301,1
1877,2504901,1
4437,2504301,1
4282,2504500,1
4320,2504500,1
4346,2504301,1
544,2500508,1
4345,2504301,1
4352,2504301,1
4422,2504301,1
320,2503304,1
4348,2504301,1
1789,2504901,1
4354,2504301,1
4353,2504301,1
4199,2504302,1
4202,2504302,1
4203,2504302,1
4068,2504303,1
4048,2504303,1
4049,2504303,1
4040,2504303,1
4419,2504301,1
4039,2504303,1
1780,2504000,1
1773,2504000,1
1772,2504000,1
2647,2504902,1
4176,2504302,1
2648,2504902,1
4425,2504301,1
4413,2504902,1
2710,2504903,1
2711,2504903,1
2714,2504903,1
2716,2504903,1
2717,2504903,1
4310,2504500,1
4428,2504301,1
4281,2504500,1
4319,2504500,1
4323,2504500,1
4326,2504500,1
4344,2504301,1
4343,2504301,1
4325,2504500,1
4350,2504301,1
4349,2504301,1
4200,2504302,1
207939,4400300,1
4150,2504302,1
207941,4400300,1
4064,2504303,1
4044,2504303,1
4055,2504303,1
4050,2504303,1
4062,2504303,1
4151,2504302,1
207940,4400300,1
4051,2504303,1
4424,2504301,1
4065,2504303,1
1778,2504000,1
1700,2503602,1
1771,2504000,1
4423,2504301,1
4279,2504500,1
4287,2504500,1
1770,2504000,1
1791,2504901,1
4316,2504500,1
4317,2504500,1
2646,2504902,1
4321,2504500,1
4322,2504500,1
4327,2504500,1
4351,2504301,1
2708,2504903,1
4198,2504302,1
4201,2504302,1
5495,2501900,1
2709,2504903,1
4179,2504302,1
4159,2504302,1
2702,2504903,1
2724,2504903,1
2726,2504903,1
207944,4400300,1
4054,2504303,1
2727,2504903,1
4063,2504303,1
4686,2504700,1
4052,2504303,1
4053,2504303,1
208387,4400103,1
4137,2504200,1
208421,4400104,1
1776,2504000,1
2695,2504903,1
1769,2504000,1
1886,2504901,1
1728,2503602,1
1790,2504901,1
4312,2504500,1
2706,2504903,1
2697,2504903,1
2699,2504903,1
2701,2504903,1
2718,2504903,1
2723,2504903,1
2725,2504903,1
4656,2504700,1
4278,2504500,1
4291,2504500,1
4286,2504500,1
1775,2504000,1
1727,2504000,1
1703,2503602,1
4367,2504500,1
1880,2504901,1
1887,2504901,1
2696,2504903,1
2700,2504903,1
4368,2504500,1
363,2503303,1
2704,2504903,1
2719,2504903,1
2722,2504903,1
2721,2504903,1
4275,2504500,1
4290,2504500,1
160,2503303,1
1745,2504000,1
1726,2504000,1
1701,2503602,1
393,2503303,1
1879,2504901,1
1881,2504901,1
1888,2504901,1
144,2503303,1
2694,2504903,1
2698,2504903,1
2703,2504903,1
2720,2504903,1
4272,2504500,1
4274,2504500,1
4365,2504500,1
4370,2504500,1
4366,2504500,1
4308,2504500,1
4371,2504500,1
207938,4400300,1
4249,2504301,1
4375,2504500,1
4331,2504500,1
4332,2504500,1
4173,2504302,1
4171,2504302,1
4148,2504302,1
1744,2504000,1
1723,2504000,1
1704,2504000,1
1699,2503602,1
5272,2501901,1
1878,2504901,1
359,2503303,1
1876,2504901,1
1697,2503602,1
1882,2504901,1
1884,2504901,1
4172,2504302,1
4160,2504302,1
1743,2504000,1
1721,2504000,1
1705,2504000,1
1874,2504901,1
4271,2504500,1
4369,2504500,1
4293,2504500,1
4356,2504301,1
4364,2504500,1
4372,2504500,1
4264,2504500,1
4296,2504500,1
4157,2504302,1
4361,2504301,1
4376,2504500,1
4374,2504500,1
1733,2504000,1
4360,2504301,1
1719,2504000,1
1706,2504000,1
207945,4400300,1
1611,2503500,1
1732,2504000,1
1707,2504000,1
368,2503303,1
1684,2503602,1
4261,2504500,1
4294,2504500,1
4140,2504302,1
4146,2504302,1
4147,2504302,1
4153,2504302,1
208492,4400101,1
207946,4400300,1
1725,2504000,1
208470,4400101,1
1709,2504000,1
1679,2503602,1
1068,2503602,1
4359,2504301,1
4141,2504302,1
4142,2504302,1
4154,2504302,1
1613,2503500,1
3141,2500300,1
4247,2504301,1
1722,2504000,1
1710,2504000,1
1675,2503602,1
4355,2504301,1
4166,2504302,1
4143,2504302,1
419,2503305,1
407,2503304,1
4245,2504301,1
1720,2504000,1
5426,2501600,1
1685,2503602,1
1614,2503500,1
4250,2504500,1
821,2502800,1
420,2503305,1
4251,2504500,1
4170,2504302,1
4167,2504302,1
4144,2504302,1
4241,2504301,1
361,2503303,1
1718,2504000,1
1683,2503602,1
4244,2504301,1
4246,2504301,1
1708,2504000,1
1678,2503602,1
392,2503303,1
1612,2503500,1
418,2503305,1
406,2503304,1
389,2503304,1
3139,2500300,1
360,2503303,1
4243,2504301,1
4341,2504301,1
4242,2504301,1
540,2500508,1
1715,2504000,1
1677,2503602,1
4076,2504200,1
1097,2503603,1
1098,2503603,1
4339,2504301,1
1099,2503603,1
410,2503305,1
388,2503304,1
1711,2504000,1
381,2503303,1
386,2503303,1
1623,2503602,1
1061,2503602,1
208314,4400102,1
167,2503303,1
355,2503303,1
358,2503303,1
1105,2503603,1
1712,2504000,1
1617,2503602,1
377,2503303,1
1063,2503602,1
1064,2503602,1
408,2503304,1
379,2503304,1
382,2503303,1
5494,2501900,1
357,2503303,1
1102,2503603,1
1101,2503603,1
421,2503305,1
1682,2503602,1
1615,2503602,1
1616,2503602,1
208390,4400103,1
424,2503305,1
380,2503303,1
383,2503303,1
384,2503303,1
365,2503303,1
1681,2503602,1
1680,2503602,1
1630,2503602,1
351,2503305,1
1656,2503601,1
369,2503303,1
760,2500704,1
1610,2503500,1
417,2503305,1
405,2503304,1
374,2503303,1
158,2503303,1
159,2503303,1
1627,2503602,1
375,2503303,1
1607,2503500,1
415,2503305,1
352,2503304,1
367,2503303,1
354,2503303,1
157,2503303,1
1622,2503602,1
1055,2503602,1
411,2503305,1
372,2503304,1
366,2503304,1
364,2503303,1
134,2503303,1
140,2503303,1
142,2503303,1
4601,2504800,1
5492,2501900,1
4602,2504800,1
208054,4400104,1
208290,4400103,1
4748,2504800,1
208287,4400103,1
208119,4400103,1
4749,2504800,1
4730,2504800,1
4731,2504800,1
4729,2504800,1
4719,2504800,1
4770,2504800,1
4775,2504800,1
4774,2504800,1
4772,2504800,1
4613,2504800,1
4614,2504700,1
4621,2504700,1
4636,2504700,1
4782,2504800,1
208068,4400104,1
4769,2504800,1
4771,2504800,1
4713,2504700,1
208270,4400104,1
208269,4400104,1
208281,4400104,1
4714,2504700,1
4715,2504700,1
4716,2504700,1
4657,2504700,1
4655,2504700,1
4658,2504700,1
4625,2504700,1
208112,4400103,1
208285,4400103,1
4690,2504700,1
208113,4400103,1
5541,2501900,1
4624,2504700,1
4622,2504700,1
4629,2504700,1
4628,2504700,1
4603,2504800,1
4604,2504800,1
208294,4400103,1
208052,4400103,1
208292,4400103,1
208286,4400103,1
208278,4400103,1
208276,4400104,1
208118,4400103,1
208275,4400104,1
208280,4400104,1
208053,4400104,1
208104,4400104,1
208105,4400104,1
208761,4400201,1
926,2500505,1
208747,4400201,1
208799,4400201,1
208796,4400201,1
208748,4400201,1
208821,4400201,1
208360,4400102,1
208794,4400201,1
208795,4400201,1
208284,4400103,1
208759,4400201,1
208760,4400201,1
208800,4400201,1
208798,4400201,1
208797,4400201,1
1421,2500503,1
208792,4400201,1
208789,4400201,1
208793,4400201,1
208297,4400103,1
208127,4400103,1
208376,4400103,1
208150,4400104,1
208143,4400104,1
208129,4400104,1
208791,4400201,1
208745,4400201,1
208161,4400104,1
208160,4400104,1
208749,4400201,1
208762,4400201,1
208764,4400201,1
208788,4400201,1
208790,4400201,1
208773,4400201,1
208754,4400201,1
208372,4400102,1
208757,4400201,1
208763,4400201,1
208722,4400201,1
850,2502800,1
208751,4400201,1
208755,4400201,1
208750,4400201,1
208810,4400201,1
208753,4400201,1
208752,4400201,1
208373,4400102,1
208813,4400201,1
208814,4400201,1
208374,4400102,1
208811,4400201,1
208809,4400201,1
208807,4400201,1
5567,2501900,1
208808,4400201,1
208379,4400103,1
208805,4400201,1
208804,4400201,1
208817,4400201,1
208806,4400201,1
208349,4400103,1
208802,4400201,1
208730,4400201,1
208803,4400201,1
838,2502800,1
208819,4400201,1
208816,4400201,1
837,2502800,1
208801,4400201,1
208163,4400104,1
208787,4400201,1
208729,4400201,1
208772,4400201,1
208164,4400104,1
208770,4400201,1
208130,4400103,1
208766,4400201,1
208288,4400103,1
208126,4400103,1
208131,4400103,1
208078,4400103,1
208769,4400201,1
208381,4400103,1
208029,4400104,1
208074,4400103,1
208771,4400201,1
208774,4400201,1
208377,4400103,1
208767,4400201,1
208781,4400201,1
208705,4400201,1
208265,4400104,1
208266,4400104,1
208703,4400201,1
208704,4400201,1
208706,4400201,1
208145,4400103,1
208709,4400201,1
208710,4400201,1
208723,4400201,1
208721,4400201,1
208378,4400103,1
208732,4400201,1
208736,4400201,1
1755,2504000,1
208768,4400201,1
208733,4400201,1
208724,4400201,1
208718,4400201,1
208726,4400201,1
208339,4400102,1
208602,4400300,1
208743,4400201,1
208715,4400201,1
208746,4400201,1
208738,4400201,1
208948,4400400,1
208072,4400103,1
208714,4400201,1
208744,4400201,1
208949,4400400,1
208966,4400400,1
208926,4400400,1
208950,4400400,1
208951,4400400,1
208742,4400201,1
841,2502800,1
208988,4400400,1
208979,4400400,1
208978,4400400,1
208914,4400400,1
208960,4400400,1
208957,4400400,1
722,2500506,1
208739,4400201,1
208965,4400400,1
208986,4400400,1
208930,4400400,1
208932,4400400,1
208937,4400400,1
208956,4400400,1
208908,4400400,1
208958,4400400,1
208019,4400102,1
208901,4400400,1
208737,4400201,1
208904,4400400,1
208985,4400400,1
208983,4400400,1
208980,4400400,1
208931,4400400,1
208925,4400400,1
208959,4400400,1
208902,4400400,1
208984,4400400,1
208903,4400400,1
3180,2500300,1
208933,4400400,1
208934,4400400,1
208915,4400400,1
208938,4400400,1
5601,2501900,1
208955,4400400,1
208967,4400400,1
208947,4400400,1
208403,4400102,1
208929,4400400,1
208936,4400400,1
208917,4400400,1
208913,4400400,1
208916,4400400,1
208734,4400201,1
208946,4400400,1
208180,4400104,1
2819,2500300,1
208907,4400400,1
208928,4400400,1
208906,4400400,1
208954,4400400,1
208963,4400400,1
208935,4400400,1
208909,4400400,1
208912,4400400,1
208945,4400400,1
208735,4400201,1
208924,4400400,1
208970,4400400,1
208964,4400400,1
208910,4400400,1
208923,4400400,1
208905,4400400,1
208194,4400104,1
208911,4400400,1
208918,4400400,1
208922,4400400,1
208120,4400104,1
208972,4400400,1
208968,4400400,1
208943,4400400,1
208921,4400400,1
208992,4400400,1
208121,4400104,1
208087,4400104,1
208942,4400400,1
208920,4400400,1
2792,2500300,1
208941,4400400,1
208717,4400201,1
208085,4400103,1
208719,4400201,1
208110,4400103,1
208111,4400103,1
208291,4400103,1
208720,4400201,1
208295,4400103,1
208057,4400103,1
208702,4400201,1
208056,4400103,1
208293,4400103,1
208728,4400201,1
208289,4400103,1
208136,4400103,1
208713,4400201,1
208031,4400101,1
208712,4400201,1
208711,4400201,1
208725,4400201,1
208716,4400201,1
208043,4400101,1
208051,4400101,1
208701,4400201,1
208041,4400101,1
208042,4400101,1
208048,4400101,1
208037,4400101,1
463,2503306,1
208047,4400101,1
458,2503306,1
208049,4400101,1
208050,4400101,1
705,2500506,1
208026,4400101,1
208038,4400101,1
208039,4400101,1
702,2500506,1
208040,4400101,1
208046,4400101,1
208013,4400101,1
208146,4400103,1
208034,4400101,1
208137,4400103,1
208017,4400101,1
208009,4400101,1
4093,2504200,1
208016,4400101,1
208014,4400101,1
208012,4400101,1
208015,4400101,1
208452,4400101,1
208451,4400101,1
208393,4400103,1
208607,4400300,1
208010,4400101,1
208453,4400101,1
208306,4400104,1
208450,4400101,1
208448,4400101,1
525,2500508,1
2759,2500304,1
208268,4400104,1
208011,4400101,1
208157,4400104,1
208449,4400101,1
208001,4400102,1
208018,4400101,1
208032,4400101,1
208045,4400104,1
208023,4400101,1
208162,4400104,1
208044,4400101,1
208035,4400101,1
208036,4400101,1
208165,4400104,1
208033,4400101,1
208166,4400104,1
208167,4400104,1
208765,4400201,1
208785,4400201,1
208775,4400201,1
208780,4400201,1
208264,4400104,1
208116,4400103,1
208782,4400201,1
208779,4400201,1
208100,4400103,1
208708,4400201,1
208097,4400103,1
208300,4400103,1
208707,4400201,1
208181,4400104,1
208778,4400201,1
208783,4400201,1
208353,4400103,1
208186,4400104,1
208777,4400201,1
208077,4400103,1
208075,4400103,1
208188,4400104,1
208191,4400104,1
208193,4400104,1
208392,4400103,1
208311,4400104,1
208606,4400300,1
208076,4400103,1
208303,4400104,1
208267,4400104,1
208058,4400103,1
208098,4400103,1
208099,4400103,1
208298,4400103,1
208354,4400103,1
208375,4400103,1
208610,4400300,1
208617,4400300,1
208091,4400103,1
208348,4400103,1
208079,4400103,1
208062,4400103,1
208059,4400103,1
208613,4400300,1
208363,4400103,1
208380,4400102,1
208367,4400103,1
208397,4400103,1
77,2503302,1
208601,4400300,1
208605,4400300,1
208151,4400103,1
208063,4400103,1
208604,4400300,1
208603,4400300,1
208256,4400103,1
208323,4400102,1
208003,4400102,1
208002,4400102,1
208404,4400102,1
208005,4400102,1
208008,4400102,1
208412,4400102,1
15,2503302,1
208024,4400102,1
208025,4400102,1
208498,4400102,1
208454,4400102,1
208090,4400102,1
1736,2504000,1
208021,4400102,1
2462,2503601,1
208004,4400102,1
4087,2504200,1
208022,4400102,1
1499,2503500,1
208020,4400102,1
208402,4400102,1
499,2503306,1
4088,2504200,1
2461,2503601,1
4091,2504200,1
4381,2504200,1
69,2503302,1
4094,2504200,1
4099,2504200,1
208413,4400102,1
208457,4400102,1
208458,4400102,1
75,2503302,1
4102,2504200,1
4096,2504200,1
4097,2504200,1
4104,2504200,1
4100,2504200,1
4380,2504200,1
4078,2504200,1
4103,2504200,1
4095,2504200,1
4105,2504200,1
208319,4400102,1
208315,4400102,1
208455,4400102,1
208456,4400101,1
208496,4400102,1
208446,4400101,1
208499,4400101,1
2394,2503601,1
4382,2504200,1
4379,2504200,1
523,2500508,1
4092,2504200,1
4112,2504200,1
208430,4400102,1
208418,4400102,1
81,2503302,1
208445,4400101,1
208474,4400101,1
65,2503302,1
208459,4400101,1
208477,4400101,1
208359,4400102,1
208471,4400101,1
2396,2503601,1
2459,2503601,1
17,2503302,1
2460,2503601,1
4082,2504200,1
2421,2503601,1
4004,2504303,1
4378,2504200,1
18,2503302,1
4086,2504200,1
4085,2504200,1
4077,2504200,1
3110,2500300,1
4107,2504200,1
4122,2504200,1
207396,3300800,1
208327,4400102,1
208434,4400102,1
208420,4400102,1
208312,4400102,1
208331,4400102,1
208447,4400101,1
208460,4400101,1
208478,4400101,1
208469,4400101,1
2416,2500304,1
2410,2500304,1
208472,4400101,1
2406,2500304,1
2424,2503601,1
4006,2504303,1
4083,2504200,1
4084,2504200,1
4081,2504200,1
265,2503301,1
4089,2504200,1
4101,2504200,1
4120,2504200,1
4121,2504200,1
207232,3300800,1
4123,2504200,1
4127,2504200,1
4079,2504200,1
208344,4400102,1
208433,4400102,1
208313,4400102,1
208330,4400102,1
208345,4400102,1
526,2500508,1
208317,4400104,1
208481,4400101,1
3362,2500301,1
2407,2500304,1
4111,2504200,1
2405,2500304,1
2425,2503601,1
279,2503301,1
4007,2504303,1
208340,4400102,1
4021,2504303,1
4116,2504200,1
4106,2504200,1
208399,4400102,1
285,2503304,1
4119,2504200,1
4136,2504200,1
287,2503304,1
4124,2504200,1
4125,2504200,1
4128,2504200,1
208028,4400104,1
208431,4400102,1
208316,4400102,1
208332,4400102,1
1658,2503601,1
1638,2502400,1
208318,4400104,1
208467,4400101,1
208495,4400101,1
208465,4400101,1
2408,2500304,1
2409,2500304,1
2423,2503601,1
1662,2503601,1
4023,2504303,1
208400,4400102,1
4011,2504303,1
4117,2504200,1
4019,2504303,1
4118,2504200,1
4108,2504200,1
4115,2504200,1
4020,2504303,1
208369,4400103,1
4135,2504200,1
1621,2503602,1
4129,2504200,1
208422,4400104,1
208082,4400104,1
208468,4400101,1
208466,4400101,1
208464,4400101,1
2418,2503601,1
208473,4400101,1
1657,2503601,1
208475,4400101,1
1660,2503601,1
4012,2504303,1
4015,2504303,1
4022,2504303,1
1632,2503602,1
4017,2504303,1
208069,4400104,1
1590,2503500,1
208138,4400103,1
4018,2504303,1
4110,2504200,1
4114,2504200,1
273,2503301,1
4036,2504303,1
208461,4400101,1
4038,2504303,1
1650,2503601,1
4131,2504200,1
4130,2504200,1
4210,2504302,1
208027,4400104,1
4013,2504303,1
4188,2504302,1
4181,2504302,1
208156,4400104,1
208320,4400102,1
208427,4400102,1
208428,4400102,1
1654,2503601,1
2519,2504901,1
4009,2504303,1
208083,4400104,1
2521,2504901,1
2522,2504901,1
208321,4400102,1
208322,4400102,1
208424,4400102,1
4016,2504303,1
208489,4400101,1
208485,4400101,1
4037,2504303,1
1629,2503602,1
4008,2504303,1
4138,2504200,1
208487,4400101,1
208490,4400101,1
4133,2504200,1
208486,4400101,1
106,2503302,1
1653,2503601,1
1663,2503601,1
1620,2503602,1
1716,2504000,1
2523,2504901,1
208462,4400101,1
2520,2504901,1
1636,2503602,1
2529,2504901,1
208484,4400101,1
4139,2504200,1
1645,2503601,1
208030,4400104,1
208084,4400104,1
208442,4400102,1
208338,4400104,1
1651,2503601,1
1626,2503602,1
208440,4400102,1
208443,4400102,1
208488,4400101,1
1634,2503602,1
1661,2503601,1
208476,4400101,1
1714,2504000,1
4217,2504302,1
2528,2504901,1
2531,2504901,1
1643,2502400,1
4218,2504302,1
1644,2503601,1
1631,2503602,1
1646,2503601,1
1648,2503601,1
4209,2504302,1
1649,2503601,1
1625,2503602,1
1057,2503602,1
1659,2503601,1
1640,2502400,1
208232,4400103,1
1713,2504000,1
2532,2504901,1
208325,4400104,1
208328,4400102,1
208231,4400103,1
1541,2503500,1
432,2503305,1
1608,2503500,1
1624,2503602,1
1609,2503500,1
1635,2503602,1
1647,2503601,1
1619,2503602,1
1766,2504000,1
208326,4400104,1
208329,4400102,1
1639,2502400,1
1765,2504000,1
208094,4400104,1
1540,2503500,1
208391,4400104,1
208463,4400101,1
1539,2503500,1
1637,2503602,1
430,2503305,1
1538,2503500,1
208252,4400103,1
1496,2503500,1
1633,2503602,1
1781,2504000,1
1763,2504000,1
208253,4400103,1
1782,2504000,1
208259,4400103,1
1495,2503500,1
208070,4400104,1
208071,4400104,1
1591,2503500,1
1052,2503602,1
1062,2503602,1
208258,4400103,1
1494,2503500,1
1054,2503602,1
1065,2503602,1
208257,4400103,1
1746,2504000,1
208102,4400104,1
208103,4400104,1
1498,2503500,1
1056,2503602,1
1534,2500504,1
208224,4400103,1
1059,2503602,1
1748,2504000,1
1537,2500504,1
1500,2503500,1
436,2503305,1
1060,2503602,1
1497,2503500,1
1747,2504000,1
1479,2503500,1
426,2503305,1
434,2503305,1
422,2503305,1
1480,2503500,1
1742,2504000,1
413,2503305,1
1053,2503602,1
428,2503305,1
208147,4400103,1
416,2503305,1
1734,2504000,1
412,2503305,1
1482,2503500,1
437,2503305,1
431,2503305,1
427,2503305,1
1493,2503500,1
438,2503305,1
208006,4400102,1
440,2503305,1
208007,4400102,1
1492,2503500,1
435,2503305,1
433,2503305,1
429,2503305,1
425,2503305,1
1717,2504000,1
1502,2503500,1
439,2503305,1
306,2503305,1
310,2503305,1
105,2503302,1
423,2503305,1
371,2503304,1
1504,2503500,1
1501,2503500,1
441,2503305,1
307,2503305,1
339,2503304,1
348,2503305,1
311,2503305,1
349,2503305,1
370,2503304,1
208251,4400103,1
208060,4400103,1
208352,4400103,1
208351,4400103,1
208368,4400103,1
3045,2500304,1
3046,2500303,1
3005,2500303,1
3042,2500304,1
4216,2504302,1
3006,2500304,1
207120,3301000,1
1982,2500703,1
2403,2500304,1
3043,2500304,1
2414,2500304,1
2799,2500304,1
208148,4400103,1
2402,2500304,1
208152,4400103,1
2404,2500304,1
2415,2500304,1
2413,2500304,1
2411,2500304,1
3039,2500304,1
2401,2500304,1
2412,2500304,1
3029,2500304,1
3040,2500304,1
3041,2500304,1
3038,2500304,1
2392,2503601,1
3032,2500304,1
3031,2500304,1
3027,2500304,1
3037,2500304,1
3036,2500304,1
3024,2500304,1
2840,2500304,1
3033,2500304,1
207377,3300900,1
2785,2500304,1
207269,3300900,1
3044,2500304,1
207203,3300900,1
207309,3300900,1
207204,3300900,1
4162,2504302,1
207267,3300900,1
207067,3301000,1
207206,3300900,1
4163,2504302,1
207026,3301000,1
207107,3301000,1
4164,2504302,1
207030,3301000,1
207268,3300900,1
207323,3300900,1
207266,3300900,1
207295,3300900,1
207320,3300900,1
207027,3301000,1
207321,3300900,1
4156,2504302,1
207019,3301000,1
207315,3300600,1
2162,2500501,1
207121,3301000,1
207316,3300900,1
207344,3300900,1
4174,2504302,1
207424,3300900,1
207365,3300900,1
207004,3301000,1
207002,3301000,1
207003,3301000,1
207089,3301000,1
207373,3300900,1
4175,2504302,1
2165,2500501,1
2168,2500501,1
2169,2500501,1
207376,3300900,1
4180,2504302,1
207425,3300900,1
207322,3300900,1
207314,3300900,1
207375,3300900,1
207044,3300700,1
207041,3300700,1
4161,2504302,1
207043,3300700,1
207005,3300700,1
207368,3300900,1
207001,3301000,1
207006,3300700,1
207029,3300700,1
4187,2504302,1
207100,3300700,1
207366,3300900,1
207088,3301000,1
2170,2500501,1
2171,2500501,1
2173,2500501,1
207294,3300900,1
207367,3300900,1
3365,2500301,1
207313,3300900,1
207326,3300600,1
4189,2504302,1
207324,3300900,1
207327,3300600,1
4191,2504302,1
207037,3300700,1
207310,3300800,1
4185,2504302,1
207031,3300700,1
207285,3300900,1
207032,3300700,1
207362,3300900,1
207390,3300900,1
3152,2500300,1
207013,3300700,1
207382,3300900,1
207381,3300900,1
207010,3300700,1
207383,3300900,1
2023,2500701,1
207097,3300700,1
3346,2500301,1
207092,3300700,1
207356,3300900,1
3329,2500301,1
3299,2500400,1
2148,2500501,1
207355,3300900,1
2092,2500502,1
2176,2500501,1
2172,2500501,1
2174,2500501,1
207349,3300600,1
207325,3300600,1
208154,4400103,1
207033,3300700,1
208395,4400103,1
207036,3300700,1
207028,3300700,1
207214,3300800,1
207035,3300700,1
207017,3300700,1
208401,4400102,1
207011,3300700,1
207008,3300700,1
207065,3300700,1
207374,3300900,1
208406,4400102,1
2147,2500501,1
2177,2500501,1
2175,2500501,1
2210,2500400,1
2208,2500400,1
207385,3300900,1
207363,3300900,1
2229,2500501,1
207292,3300900,1
207361,3300900,1
207384,3300900,1
207251,3300900,1
207372,3300900,1
208407,4400102,1
207260,3300900,1
207286,3300900,1
207340,3300800,1
207287,3300600,1
207288,3300900,1
208408,4400102,1
207352,3300900,1
207378,3300900,1
207379,3300900,1
207353,3300600,1
207319,3300600,1
207341,3300600,1
207348,3300600,1
207253,3300900,1
207395,3300600,1
207328,3300700,1
207312,3300800,1
208417,4400102,1
207034,3300700,1
207311,3300800,1
207386,3300900,1
208419,4400102,1
207038,3300700,1
207045,3300700,1
208425,4400102,1
207023,3300700,1
207014,3300700,1
207012,3300700,1
207009,3300700,1
207007,3300700,1
207273,3300900,1
207063,3300700,1
208614,4400300,1
2145,2500501,1
2182,2500501,1
207254,3300900,1
14,2503302,1
2212,2500400,1
85,2503302,1
2211,2500400,1
33,2503302,1
2209,2500400,1
2207,2500400,1
2232,2500501,1
2231,2500501,1
2228,2500501,1
208426,4400104,1
207364,3300900,1
207261,3300900,1
207450,3300800,1
207259,3300900,1
207360,3300900,1
844,2502800,1
207289,3300600,1
207290,3300600,1
208429,4400102,1
207291,3300600,1
207202,3300800,1
207022,3300700,1
207277,3300600,1
2095,2500502,1
207275,3300600,1
207318,3300600,1
207281,3300600,1
207394,3300700,1
207283,3300600,1
207040,3300700,1
207391,3300700,1
207317,3300800,1
110,2503302,1
207392,3300700,1
207393,3300700,1
2098,2500502,1
207338,3300800,1
207339,3300800,1
549,2500508,1
207021,3300700,1
207015,3300700,1
207016,3300700,1
2140,2500501,1
2181,2500501,1
117,2503302,1
207020,3300700,1
207308,3300900,1
122,2503302,1
207024,3300700,1
207371,3300900,1
207250,3300900,1
127,2503302,1
128,2503302,1
207025,3300700,1
315,2503304,1
207069,3300700,1
207262,3300900,1
207064,3301000,1
207337,3300800,1
2213,2500400,1
207233,3300800,1
2214,2500400,1
207046,3300700,1
613,2500507,1
2215,2500400,1
207605,3300700,1
2206,2500400,1
2205,2500400,1
207018,3300700,1
3338,2500400,1
207306,3300900,1
611,2500507,1
207351,3300900,1
207249,3300900,1
2025,2500701,1
207280,3300600,1
207274,3300600,1
653,2500506,1
207276,3300600,1
2008,2500701,1
207282,3300600,1
548,2500508,1
207255,3300600,1
207256,3300700,1
652,2500506,1
207284,3300700,1
207602,3300700,1
207224,3300700,1
567,2500508,1
207601,3300700,1
207077,3301000,1
207201,3300900,1
207110,3301000,1
638,2500506,1
207205,3300900,1
207109,3301000,1
2080,2500701,1
2149,2500501,1
2006,2500701,1
207264,3300600,1
207265,3300600,1
637,2500506,1
207278,3300600,1
207279,3300600,1
1362,2501300,1
207302,3300600,1
626,2500506,1
207271,3300600,1
207228,3300800,1
568,2500508,1
207296,3300700,1
207237,3300800,1
52,2503302,1
207257,3300700,1
207220,3300700,1
925,2500505,1
207236,3300800,1
207604,3300700,1
207298,3300600,1
63,2503302,1
207603,3300700,1
207609,3300700,1
207300,3300600,1
207303,3300600,1
207607,3300700,1
207606,3300700,1
3344,2500400,1
207258,3300600,1
827,2502800,1
207246,3300600,1
207304,3300600,1
207297,3300600,1
207235,3300800,1
825,2502800,1
207243,3300600,1
207234,3300800,1
208310,4400104,1
207428,3300700,1
2074,2500701,1
2073,2500701,1
207076,3301000,1
207114,3301000,1
2063,2500701,1
207106,3301000,1
207112,3301000,1
207113,3301000,1
70,2503302,1
2061,2500701,1
2062,2500701,1
207111,3301000,1
76,2503302,1
207108,3301000,1
207104,3301000,1
208337,4400104,1
207087,3301000,1
2060,2500701,1
1235,2501000,1
2057,2500701,1
2027,2500701,1
66,2503302,1
207105,3301000,1
2031,2500701,1
1312,2500702,1
207086,3301000,1
2041,2500701,1
208342,4400102,1
2059,2500701,1
2056,2500701,1
2029,2500701,1
2028,2500701,1
207090,3301000,1
2051,2500701,1
207116,3301000,1
207117,3301000,1
16,2503302,1
2032,2500701,1
2030,2500701,1
2049,2500701,1
294,2503304,1
2034,2500701,1
207075,3301000,1
625,2500506,1
207095,3301000,1
2048,2500701,1
207915,4400300,1
207918,4400300,1
207101,3301000,1
2036,2500701,1
208608,4400300,1
207115,3301000,1
2040,2500701,1
2050,2500701,1
2033,2500701,1
2035,2500701,1
1977,2500702,1
207103,3301000,1
1996,2500702,1
2045,2500701,1
2039,2500701,1
1972,2500703,1
24,2503302,1
2053,2500701,1
2042,2500701,1
2037,2500701,1
2072,2500701,1
1976,2500702,1
1957,2500703,1
207083,3301000,1
30,2503302,1
207102,3301000,1
2046,2500701,1
207084,3301000,1
207074,3301000,1
4126,2504200,1
1993,2500702,1
1994,2500702,1
2009,2500701,1
2038,2500701,1
1973,2500703,1
1974,2500702,1
2016,2500701,1
208432,4400102,1
1975,2500702,1
1958,2500703,1
1968,2500703,1
1960,2500703,1
93,2503302,1
207093,3301000,1
207129,3301000,1
207091,3301000,1
1992,2500702,1
207081,3301000,1
1991,2500702,1
108,2503302,1
207082,3301000,1
207080,3301000,1
207085,3301000,1
207094,3301000,1
207125,3301000,1
207098,3301000,1
2020,2500701,1
208435,4400102,1
207099,3301000,1
1987,2500702,1
207050,3301000,1
1986,2500702,1
208153,4400103,1
207078,3301000,1
207079,3301000,1
208364,4400103,1
1969,2500703,1
1967,2500703,1
1962,2500703,1
2019,2500701,1
208436,4400102,1
207096,3301000,1
2018,2500701,1
207047,3301000,1
207049,3301000,1
207048,3301000,1
1985,2500702,1
207052,3301000,1
207130,3301000,1
2014,2500701,1
207128,3301000,1
207123,3301000,1
1983,2500703,1
2022,2500701,1
1981,2500703,1
1970,2500703,1
1963,2500703,1
207051,3301000,1
207053,3300300,1
207054,3301000,1
207068,3301000,1
208437,4400102,1
208444,4400102,1
207126,3301000,1
207124,3301000,1
1984,2500702,1
208438,4400102,1
207122,3301000,1
1980,2500703,1
1964,2500703,1
1948,2500703,1
207057,3301000,1
207157,3301000,1
207138,3301000,1
207139,3301000,1
207066,3301000,1
208441,4400102,1
207127,3301000,1
207140,3301000,1
208439,4400102,1
4728,2504800,1
207136,3301000,1
207135,3301000,1
1979,2500703,1
1965,2500703,1
109,2503302,1
2069,2500701,1
207056,3301000,1
207132,3301000,1
207137,3301000,1
2012,2500701,1
2015,2500701,1
2017,2500701,1
95,2503302,1
2024,2500701,1
2026,2500701,1
2021,2500701,1
104,2503302,1
2068,2500701,1
2066,2500701,1
103,2503302,1
111,2503302,1
2065,2500701,1
1316,2500702,1
2071,2500701,1
2067,2500701,1
2064,2500701,1
2010,2500701,1
2003,2500701,1
207142,3301000,1
2007,2500701,1
530,2500508,1
1337,2501300,1
2005,2500701,1
1336,2501300,1
2002,2500701,1
1997,2500701,1
1324,2501300,1
2001,2500701,1
1998,2500701,1
207239,3300800,1
1310,2500702,1
1308,2500702,1
1306,2500702,1
2000,2500701,1
1999,2500701,1
112,2503302,1
1311,2500702,1
1309,2500702,1
1302,2500702,1
1314,2500702,1
1264,2500702,1
1338,2501300,1
1263,2500702,1
1313,2500702,1
1315,2500702,1
1954,2500702,1
1953,2500702,1
207242,3300800,1
1978,2500702,1
118,2503302,1
1262,2500702,1
1342,2501300,1
207159,3301000,1
207062,3301000,1
1956,2500702,1
1951,2500702,1
207061,3301000,1
1947,2500703,1
1946,2500703,1
1959,2500703,1
1950,2500703,1
1949,2500703,1
207134,3301000,1
515,2500507,1
207058,3301000,1
207143,3301000,1
123,2503302,1
207059,3301000,1
207060,3301000,1
125,2503302,1
207055,3301000,1
207133,3301000,1
126,2503302,1
207073,3301000,1
207145,3301000,1
2078,2500701,1
3394,2500301,1
2077,2500701,1
1341,2501300,1
1320,2501300,1
2150,2500501,1
1251,2501000,1
1258,2500702,1
2152,2500501,1
2163,2500501,1
2153,2500501,1
2154,2500501,1
2166,2500501,1
1260,2500702,1
2159,2500501,1
2161,2500501,1
50,2503302,1
2164,2500501,1
207247,3300600,1
2081,2500502,1
2167,2500501,1
2146,2500501,1
2144,2500501,1
2141,2500501,1
58,2503302,1
2142,2500501,1
2135,2500501,1
2180,2500501,1
207245,3300600,1
1191,2500702,1
2218,2500400,1
2217,2500400,1
2233,2500400,1
519,2500507,1
3339,2500400,1
207252,3300900,1
207263,3300900,1
3342,2500400,1
207227,3300800,1
3293,2500400,1
207430,3300800,1
208066,4400103,1
207248,3300600,1
851,2502800,1
207429,3300800,1
2133,2500501,1
60,2503302,1
207426,3300700,1
2134,2500501,1
2185,2500501,1
2179,2500501,1
207448,3300800,1
2220,2500400,1
2216,2500400,1
3340,2500301,1
207441,3300800,1
846,2502800,1
3341,2500400,1
845,2502800,1
3348,2500301,1
207435,3300800,1
3276,2500400,1
3345,2500301,1
207244,3300600,1
842,2502800,1
46,2503302,1
207501,3300500,1
207446,3300800,1
136,2503303,1
207434,3300800,1
207223,3300700,1
2136,2500501,1
2184,2500501,1
208362,4400103,1
2183,2500501,1
207438,3300800,1
207222,3300700,1
1227,2501000,1
2194,2501400,1
1364,2500503,1
2221,2500400,1
2219,2500400,1
1226,2501000,1
3350,2500301,1
37,2503302,1
3279,2500301,1
3277,2500400,1
207503,3300500,1
207439,3300800,1
297,2503305,1
2139,2500501,1
2188,2500501,1
2195,2501400,1
2225,2501400,1
2236,2500400,1
2235,2500400,1
2234,2500400,1
3351,2500301,1
3294,2500400,1
723,2500506,1
3319,2500400,1
253,2503301,1
207502,3300500,1
207437,3300800,1
2186,2500501,1
2189,2500501,1
3302,2500400,1
207440,3300800,1
207436,3300800,1
207238,3300800,1
207431,3300800,1
2196,2501400,1
3366,2500301,1
3300,2500400,1
2238,2500400,1
3274,2500301,1
3275,2500301,1
3317,2500400,1
3320,2500301,1
3337,2500400,1
207207,3300800,1
207213,3300800,1
3305,2500400,1
3307,2500400,1
1418,2500503,1
207432,3300800,1
1446,2501400,1
2193,2501400,1
2223,2500400,1
2239,2500400,1
2237,2500400,1
3355,2500301,1
3349,2500301,1
881,2502800,1
3347,2500301,1
2246,2500303,1
3316,2500301,1
3356,2500301,1
3321,2500301,1
3303,2500400,1
3334,2500400,1
859,2500505,1
5825,2500200,1
207212,3300800,1
207230,3300700,1
1447,2501400,1
2191,2501400,1
970,2500503,1
2224,2500400,1
2222,2500400,1
3271,2500400,1
3363,2500301,1
956,2500503,1
3314,2500301,1
3322,2500301,1
957,2500503,1
3323,2500301,1
3304,2500400,1
3333,2500400,1
5313,2501901,1
3301,2500400,1
707,2500506,1
5829,2500200,1
207347,3300800,1
207221,3300700,1
5816,2500200,1
207427,3300700,1
207442,3300800,1
2190,2501400,1
2197,2501400,1
2227,2501400,1
3296,2500400,1
3049,2500303,1
701,2500506,1
3297,2500400,1
3287,2500400,1
3364,2500301,1
3278,2500400,1
3292,2500400,1
3298,2500400,1
3290,2500400,1
207444,3300800,1
224,2503301,1
207400,3300800,1
207401,3300800,1
207402,3300800,1
207240,3300800,1
694,2500506,1
2075,2500701,1
207071,3301000,1
207072,3301000,1
207070,3301000,1
207149,3301000,1
2155,2500501,1
207161,3301000,1
207162,3301000,1
207165,3301000,1
2151,2500501,1
1363,2501300,1
208229,4400102,1
1356,2501300,1
1353,2501300,1
849,2502800,1
1357,2501300,1
1352,2501300,1
1360,2501300,1
1358,2501300,1
1340,2501300,1
847,2502800,1
1359,2501300,1
1334,2501300,1
1339,2501300,1
1328,2501300,1
208261,4400102,1
1332,2501300,1
1333,2501300,1
1331,2501300,1
571,2500508,1
1326,2501300,1
1365,2500503,1
1335,2501300,1
1323,2501300,1
1321,2501300,1
208092,4400103,1
1319,2501300,1
1317,2501300,1
1318,2501300,1
1354,2501300,1
1281,2501000,1
1325,2501300,1
1346,2501300,1
693,2500506,1
1322,2501300,1
1299,2500702,1
692,2500506,1
1278,2501000,1
1285,2501300,1
1303,2500702,1
1300,2500702,1
869,2502800,1
1256,2500702,1
1301,2500702,1
1261,2500702,1
1254,2500702,1
1255,2500702,1
866,2502800,1
1347,2501300,1
1349,2501300,1
1345,2501300,1
1241,2501000,1
1401,2501300,1
1185,2500703,1
1348,2501300,1
1242,2501000,1
1238,2501000,1
1343,2501300,1
1351,2501300,1
1350,2501300,1
669,2500506,1
1344,2501300,1
667,2500506,1
1293,2501300,1
1296,2501300,1
1327,2501300,1
1298,2501300,1
5510,2501902,1
1402,2501300,1
1259,2500702,1
1945,2500703,1
818,2502800,1
1196,2500702,1
1190,2500702,1
843,2502800,1
1400,2501300,1
1942,2500703,1
1172,2500703,1
1944,2500703,1
1941,2500703,1
542,2500508,1
1195,2500702,1
1193,2500702,1
1189,2500702,1
1188,2500703,1
1171,2500703,1
1233,2501000,1
1389,2501300,1
1292,2501300,1
546,2500508,1
1291,2501300,1
865,2502800,1
1290,2501300,1
860,2500505,1
1289,2501300,1
1187,2500703,1
867,2502800,1
1288,2501300,1
1294,2501300,1
1943,2500703,1
1939,2500703,1
1940,2500703,1
1194,2500702,1
1180,2500703,1
229,2503301,1
1192,2500702,1
1918,2500703,1
1184,2500703,1
1170,2500703,1
1169,2500703,1
1168,2500703,1
872,2502800,1
1388,2501300,1
1386,2500503,1
1381,2500503,1
1380,2500503,1
1382,2500503,1
1368,2500503,1
1385,2500503,1
1374,2500503,1
1384,2500503,1
1373,2500503,1
1376,2500503,1
1379,2500503,1
1369,2500503,1
1378,2500503,1
1372,2500503,1
1383,2500503,1
1377,2500503,1
1371,2500503,1
887,2502800,1
947,2500503,1
1287,2501300,1
870,2502800,1
871,2502800,1
873,2502800,1
864,2502800,1
1375,2500503,1
1366,2500503,1
885,2502800,1
886,2502800,1
221,2503301,1
888,2502800,1
946,2500503,1
884,2502800,1
1286,2501300,1
874,2502800,1
1367,2500503,1
877,2502800,1
547,2500508,1
1295,2501300,1
1284,2501000,1
1276,2501000,1
863,2502800,1
543,2500508,1
1269,2501000,1
831,2502800,1
1268,2501000,1
1267,2501000,1
862,2502800,1
875,2502800,1
876,2502800,1
879,2502800,1
878,2502800,1
880,2502800,1
882,2502800,1
857,2500505,1
1266,2501000,1
858,2500505,1
1282,2501000,1
1283,2501000,1
1270,2501000,1
1275,2501000,1
1273,2501000,1
1265,2501000,1
852,2502800,1
861,2502800,1
234,2503301,1
883,2502800,1
856,2500505,1
855,2500505,1
236,2503301,1
854,2500505,1
853,2500505,1
1272,2501000,1
840,2502800,1
1279,2501000,1
250,2503301,1
1280,2501000,1
1274,2501000,1
574,2500508,1
1277,2501000,1
1202,2501000,1
835,2502800,1
1204,2501000,1
839,2502800,1
570,2500508,1
569,2500508,1
572,2500508,1
1252,2500702,1
561,2500508,1
252,2503301,1
1230,2501000,1
830,2502800,1
1229,2501000,1
1203,2501000,1
1200,2501000,1
826,2502800,1
251,2503301,1
834,2502800,1
848,2502800,1
564,2500508,1
565,2500508,1
260,2503301,1
833,2502800,1
836,2502800,1
566,2500508,1
552,2500508,1
1253,2500702,1
1243,2501000,1
1246,2501000,1
1228,2501000,1
1201,2501000,1
1199,2501000,1
1224,2501000,1
259,2503301,1
1198,2501000,1
829,2502800,1
280,2503301,1
814,2502800,1
832,2502800,1
828,2502800,1
1248,2501000,1
1247,2501000,1
806,2502800,1
1225,2501000,1
1206,2501000,1
807,2502800,1
813,2502800,1
823,2502800,1
824,2502800,1
538,2500508,1
819,2502800,1
815,2502800,1
816,2502800,1
536,2500508,1
539,2500508,1
528,2500508,1
559,2500508,1
560,2500508,1
563,2500508,1
1922,2500703,1
1919,2500703,1
784,2500704,1
1182,2500703,1
1181,2500703,1
527,2500508,1
503,2500507,1
1173,2500703,1
1250,2501000,1
1244,2501000,1
1236,2501000,1
1222,2501000,1
1387,2501300,1
1223,2501000,1
794,2500704,1
785,2500704,1
805,2502800,1
812,2502800,1
803,2502800,1
810,2502800,1
286,2503304,1
820,2502800,1
817,2502800,1
535,2500508,1
537,2500508,1
1245,2501000,1
1240,2501000,1
522,2500508,1
1234,2501000,1
1220,2501000,1
1221,2501000,1
292,2503304,1
795,2500704,1
790,2500704,1
787,2500704,1
786,2500704,1
804,2502800,1
799,2502800,1
811,2502800,1
291,2503301,1
809,2502800,1
808,2502800,1
822,2502800,1
534,2500508,1
524,2500508,1
502,2500507,1
1419,2500503,1
1422,2500503,1
960,2500503,1
801,2502800,1
501,2503306,1
520,2500508,1
465,2503306,1
1392,2501300,1
802,2502800,1
800,2502800,1
798,2502800,1
797,2502800,1
796,2502800,1
500,2503306,1
529,2500508,1
660,2500506,1
462,2503306,1
1394,2501300,1
645,2500506,1
1423,2500503,1
1424,2500503,1
248,2503301,1
1445,2501400,1
1440,2501400,1
1425,2500503,1
1443,2501400,1
208361,4400103,1
1444,2501400,1
1426,2500503,1
208333,4400102,1
1442,2501400,1
1450,2501400,1
208341,4400102,1
1448,2501400,1
1439,2501400,1
208370,4400103,1
208149,4400103,1
1459,2501400,1
1449,2501400,1
208371,4400103,1
1438,2501400,1
1460,2501400,1
2199,2501400,1
1458,2501400,1
1455,2501400,1
1456,2501400,1
1542,2501400,1
1462,2501400,1
1457,2501400,1
2202,2501400,1
1454,2501400,1
208346,4400102,1
2200,2501400,1
2198,2501400,1
1467,2501400,1
208727,4400201,1
1543,2501400,1
1544,2501400,1
1514,2500504,1
1461,2501400,1
1464,2501400,1
2249,2501400,1
2204,2501400,1
2201,2501400,1
1546,2501400,1
1545,2501400,1
208114,4400103,1
2254,2501400,1
2203,2501400,1
2252,2501400,1
1548,2501400,1
2257,2501400,1
208064,4400102,1
2253,2501400,1
2226,2501400,1
2248,2501400,1
208343,4400102,1
208388,4400102,1
249,2503301,1
1547,2501400,1
3084,2500303,1
2256,2501400,1
2250,2501400,1
2247,2500303,1
2244,2500303,1
258,2503301,1
2243,2500303,1
2240,2500400,1
2284,2500504,1
2972,2500300,1
2276,2500504,1
208389,4400102,1
2255,2501400,1
2260,2500504,1
2258,2500504,1
2303,2500303,1
2304,2500303,1
2242,2500303,1
2278,2500504,1
208335,4400102,1
256,2503301,1
2251,2501400,1
3268,2500303,1
208101,4400104,1
2259,2500504,1
208115,4400103,1
3058,2500302,1
2245,2500303,1
2241,2500303,1
2277,2500504,1
208117,4400103,1
2263,2500504,1
3051,2500303,1
2273,2500504,1
3050,2500303,1
3062,2500303,1
208122,4400103,1
208123,4400103,1
3071,2500302,1
3072,2500302,1
2262,2500504,1
2810,2500302,1
3382,2500301,1
3381,2500301,1
3391,2500301,1
2762,2500400,1
208234,4400103,1
2760,2500400,1
208250,4400103,1
3083,2500303,1
2261,2500504,1
3052,2500303,1
3060,2500303,1
3065,2500303,1
3114,2500300,1
257,2503301,1
3057,2500302,1
2811,2500302,1
281,2503301,1
2763,2500302,1
2274,2500504,1
2761,2500302,1
3379,2500301,1
3254,2500303,1
282,2503301,1
3081,2500303,1
288,2503301,1
3066,2500303,1
2814,2500302,1
2813,2500302,1
2812,2500302,1
3378,2500301,1
289,2503301,1
2768,2500302,1
3384,2500301,1
3383,2500301,1
208135,4400103,1
2942,2500302,1
2878,2500302,1
2803,2500302,1
2275,2500504,1
2997,2500303,1
3253,2500303,1
3255,2500303,1
3222,2500300,1
208226,4400103,1
3256,2500303,1
3061,2500303,1
2941,2500302,1
2940,2500302,1
208230,4400103,1
2805,2500302,1
2943,2500302,1
2842,2500302,1
2841,2500302,1
3056,2500302,1
2802,2500302,1
3295,2500301,1
3388,2500301,1
3389,2500301,1
208239,4400103,1
208238,4400103,1
3280,2500301,1
208237,4400103,1
3387,2500301,1
2264,2500504,1
208225,4400103,1
2996,2500303,1
3257,2500303,1
3241,2500303,1
3252,2500303,1
3063,2500303,1
3064,2500300,1
2769,2500302,1
2944,2500302,1
2945,2500302,1
5648,2501600,1
3283,2500301,1
3285,2500301,1
2843,2500302,1
5216,2501600,1
3273,2500400,1
3306,2500400,1
3369,2500301,1
3288,2500301,1
3286,2500301,1
3281,2500301,1
2130,2500501,1
208233,4400103,1
1410,2501300,1
1409,2501300,1
2766,2500300,1
2137,2500501,1
4043,2504303,1
2138,2500501,1
2770,2500302,1
2949,2500302,1
739,2503400,1
2886,2500302,1
3282,2500301,1
5657,2501600,1
5658,2501600,1
5217,2501600,1
5218,2501600,1
5836,2500200,1
3289,2500400,1
5860,2500200,1
3359,2500301,1
3315,2500301,1
208241,4400102,1
3326,2500301,1
3327,2500301,1
2131,2500501,1
208223,4400103,1
290,2503304,1
2132,2500501,1
3102,2500303,1
3116,2500303,1
3251,2500303,1
2119,2500502,1
2806,2500300,1
3059,2500302,1
2764,2500300,1
2946,2500302,1
3376,2500301,1
3336,2500301,1
5808,2500200,1
2853,2500302,1
2118,2500502,1
2955,2500302,1
3225,2500300,1
2888,2500302,1
5659,2501600,1
2866,2500302,1
5650,2501600,1
5208,2501600,1
3164,2500300,1
5221,2500200,1
3166,2500300,1
3167,2500300,1
5839,2500200,1
5846,2500200,1
3067,2500302,1
3157,2500300,1
5857,2500200,1
3311,2500400,1
5811,2500200,1
3170,2500300,1
3357,2500301,1
3291,2500301,1
3189,2500300,1
3318,2500301,1
3325,2500301,1
5814,2500200,1
2129,2500501,1
5810,2500200,1
2102,2500502,1
3260,2500303,1
3053,2500303,1
3132,2500300,1
2947,2500302,1
2855,2500302,1
2852,2500304,1
2854,2500302,1
3192,2500300,1
3126,2500300,1
3121,2500300,1
2849,2500302,1
2848,2500302,1
5651,2501600,1
2851,2500302,1
207901,4400300,1
2879,2500302,1
207902,4400300,1
2846,2500302,1
2877,2500304,1
2867,2500304,1
5652,2501600,1
207935,4400300,1
5202,2501600,1
208731,4400201,1
5201,2501600,1
208952,4400400,1
5619,2500200,1
5809,2500200,1
5824,2500200,1
5841,2500200,1
207933,4400300,1
5840,2500200,1
207906,4400300,1
207919,4400300,1
207953,4400300,1
207950,4400300,1
207949,4400300,1
207959,4400300,1
207956,4400300,1
207958,4400300,1
207948,4400300,1
5812,2500200,1
207955,4400300,1
207905,4400300,1
207937,4400300,1
3308,2500400,1
3353,2500301,1
5818,2500200,1
207936,4400300,1
207916,4400300,1
207911,4400300,1
207912,4400300,1
207903,4400300,1
207930,4400300,1
207931,4400300,1
207932,4400300,1
207923,4400300,1
207904,4400300,1
207921,4400300,1
321,2503304,1
207922,4400300,1
207907,4400300,1
207908,4400300,1
322,2503304,1
207909,4400300,1
207952,4400300,1
335,2503304,1
207924,4400300,1
207910,4400300,1
327,2503304,1
207920,4400300,1
207913,4400300,1
896,2500505,1
207947,4400300,1
207917,4400300,1
207914,4400300,1
208609,4400300,1
208620,4400300,1
208623,4400300,1
208622,4400300,1
208939,4400400,1
208621,4400300,1
208356,4400103,1
208357,4400103,1
208630,4400300,1
208631,4400300,1
208350,4400103,1
208633,4400300,1
4132,2504200,1
208382,4400103,1
208366,4400103,1
208394,4400103,1
208919,4400400,1
208927,4400400,1
208940,4400400,1
208944,4400400,1
208255,4400103,1
208254,4400103,1
208061,4400103,1
208355,4400102,1
208953,4400400,1
208107,4400102,1
208969,4400400,1
208961,4400400,1
208962,4400400,1
208409,4400102,1
208410,4400102,1
208411,4400102,1
207925,4400300,1
207926,4400300,1
207928,4400300,1
207929,4400300,1
207927,4400300,1
208415,4400102,1
208971,4400400,1
208973,4400400,1
208974,4400400,1
208975,4400400,1
208405,4400102,1
698,2500506,1
208976,4400400,1
208977,4400400,1
208987,4400400,1
208981,4400400,1
208982,4400400,1
208740,4400201,1
208336,4400102,1
208741,4400201,1
208334,4400102,1
208989,4400400,1
208990,4400400,1
208991,4400400,1
208358,4400102,1
207934,4400300,1
208414,4400102,1
208416,4400102,1
696,2500506,1
208108,4400102,1
208128,4400102,1
208065,4400102,1
679,2500506,1
208109,4400102,1
208067,4400102,1
208073,4400102,1
208089,4400102,1
208144,4400102,1
684,2500506,1
208142,4400102,1
208080,4400103,1
208081,4400103,1
208249,4400103,1
682,2500506,1
672,2500506,1
208086,4400104,1
208088,4400104,1
208093,4400103,1
208095,4400103,1
208096,4400103,1
208198,4400103,1
208228,4400102,1
208220,4400102,1
208211,4400101,1
665,2500506,1
208204,4400101,1
208205,4400101,1
208175,4400104,1
208207,4400101,1
208172,4400104,1
208201,4400101,1
208177,4400104,1
208197,4400104,1
208202,4400101,1
656,2500506,1
657,2500506,1
208203,4400101,1
208169,4400104,1
208185,4400104,1
208124,4400101,1
208171,4400104,1
658,2500506,1
208125,4400101,1
208168,4400104,1
208195,4400104,1
208189,4400104,1
208187,4400104,1
208199,4400104,1
208132,4400101,1
208133,4400101,1
208242,4400102,1
208170,4400104,1
208176,4400104,1
208190,4400104,1
208178,4400104,1
208179,4400104,1
208184,4400104,1
208200,4400103,1
208196,4400104,1
208134,4400101,1
208139,4400103,1
208140,4400103,1
208141,4400103,1
208243,4400102,1
208155,4400102,1
208756,4400201,1
208206,4400101,1
208758,4400201,1
208776,4400201,1
208812,4400201,1
208784,4400201,1
325,2503304,1
208815,4400201,1
4134,2504200,1
326,2503304,1
208158,4400104,1
334,2503304,1
208159,4400104,1
208173,4400104,1
208786,4400201,1
208182,4400101,1
208183,4400103,1
208192,4400104,1
208208,4400101,1
208244,4400101,1
208209,4400102,1
208215,4400103,1
208219,4400101,1
208216,4400103,1
208217,4400101,1
208218,4400101,1
208213,4400101,1
208210,4400101,1
643,2500506,1
208212,4400101,1
208214,4400101,1
208221,4400102,1
642,2500506,1
641,2500506,1
208222,4400102,1
208247,4400102,1
208246,4400102,1
208227,4400102,1
208235,4400103,1
208236,4400102,1
208240,4400102,1
208245,4400102,1
208248,4400102,1
208262,4400102,1
208263,4400102,1
208615,4400300,1
208302,4400104,1
208305,4400104,1
25,2503301,1
208616,4400300,1
208818,4400201,1
208820,4400201,1
208274,4400103,1
208277,4400103,1
208279,4400103,1
4098,2504200,1
208383,4400103,1
208384,4400103,1
208822,4400201,1
208299,4400103,1
208301,4400103,1
208385,4400103,1
208304,4400104,1
208307,4400104,1
208308,4400104,1
208309,4400104,1
4722,2504800,1
4763,2504800,1
4751,2504800,1
4724,2504800,1
4725,2504800,1
492,2503306,1
4732,2504800,1
4608,2504800,1
4733,2504800,1
4609,2504800,1
4734,2504800,1
489,2503306,1
4752,2504800,1
4753,2504800,1
4767,2504800,1
4756,2504800,1
4169,2504302,1
4757,2504800,1
4190,2504302,1
469,2503306,1
4758,2504800,1
4192,2504302,1
4194,2504302,1
4765,2504800,1
4619,2504800,1
460,2503306,1
4616,2504800,1
4611,2504800,1
28,2503302,1
4612,2504800,1
4193,2504302,1
4702,2504700,1
4701,2504700,1
4699,2504700,1
4700,2504700,1
4704,2504700,1
4046,2504303,1
4695,2504700,1
4259,2504500,1
4692,2504700,1
4642,2504700,1
4610,2504800,1
4693,2504700,1
4643,2504700,1
4696,2504700,1
4644,2504700,1
4334,2504500,1
4652,2504700,1
4336,2504500,1
270,2503301,1
4649,2504700,1
4335,2504500,1
4647,2504700,1
4645,2504700,1
4618,2504800,1
4661,2504700,1
4662,2504700,1
4280,2504500,1
4651,2504700,1
4256,2504500,1
4650,2504700,1
4263,2504500,1
4277,2504500,1
4276,2504500,1
4273,2504500,1
4663,2504700,1
4773,2504800,1
4627,2504700,1
4626,2504700,1
4623,2504700,1
4681,2504700,1
4631,2504700,1
4630,2504700,1
4266,2504500,1
4267,2504500,1
4680,2504700,1
4678,2504700,1
4632,2504700,1
4777,2504800,1
4685,2504700,1
4671,2504700,1
4679,2504700,1
4667,2504700,1
4674,2504700,1
4675,2504700,1
4779,2504800,1
4666,2504700,1
4781,2504800,1
4665,2504700,1
4668,2504700,1
4265,2504500,1
4664,2504700,1
4669,2504700,1
3210,2500300,1
4673,2504700,1
4672,2504700,1
4285,2504500,1
4676,2504700,1
4677,2504700,1
4670,2504700,1
4637,2504700,1
4638,2504700,1
4289,2504500,1
4298,2504500,1
4620,2504700,1
4252,2504500,1
4605,2504700,1
4780,2504800,1
4742,2504800,1
4741,2504800,1
4606,2504800,1
4607,2504800,1
3216,2500300,1
4615,2504700,1
4617,2504800,1
4754,2504800,1
4755,2504800,1
4301,2504500,1
4760,2504800,1
4776,2504800,1
4260,2504500,1
4737,2504800,1
4903,2504800,1
4909,2504800,1
4288,2504500,1
4739,2504800,1
4738,2504800,1
4255,2504500,1
4305,2504500,1
4744,2504800,1
4750,2504800,1
4409,2504902,1
4720,2504800,1
4747,2504800,1
4721,2504800,1
4787,2504800,1
4736,2504800,1
5002,2504800,1
4902,2504800,1
4905,2504800,1
4913,2504800,1
4915,2504800,1
4919,2504800,1
208618,4400300,1
4303,2504500,1
4918,2504800,1
208619,4400300,1
4253,2504500,1
4304,2504500,1
4914,2504800,1
4904,2504800,1
4916,2504800,1
4306,2504500,1
4318,2504500,1
4907,2504800,1
4910,2504800,1
4908,2504800,1
4901,2504800,1
4911,2504800,1
4920,2504800,1
4411,2504902,1
4297,2504500,1
208638,4400300,1
208636,4400300,1
4254,2504500,1
207951,4400300,1
208637,4400300,1
207954,4400300,1
4028,2504303,1
4388,2504902,1
4073,2504301,1
4071,2504301,1
4165,2504302,1
208626,4400300,1
4315,2504500,1
4299,2504500,1
4220,2504302,1
4113,2504200,1
207957,4400300,1
208627,4400300,1
208628,4400300,1
4300,2504500,1
4302,2504500,1
4268,2504500,1
207960,4400300,1
207961,4400300,1
208624,4400300,1
208625,4400300,1
4239,2504200,1
208632,4400300,1
4219,2504302,1
4186,2504302,1
208634,4400300,1
4184,2504302,1
4183,2504302,1
4269,2504500,1
208635,4400300,1
4215,2504302,1
4214,2504302,1
4195,2504302,1
4196,2504302,1
4197,2504302,1
4211,2504302,1
4434,2504301,1
4400,2504902,1
4383,2504902,1
4394,2504902,1
4712,2504700,1
4395,2504902,1
4635,2504700,1
4633,2504700,1
4634,2504700,1
4703,2504700,1
4708,2504700,1
958,2500503,1
4709,2504700,1
4707,2504700,1
4711,2504700,1
264,2503305,1
4639,2504700,1
4912,2504800,1
4640,2504700,1
4641,2504700,1
272,2503301,1
4694,2504700,1
4646,2504700,1
4682,2504700,1
4648,2504700,1
4653,2504700,1
276,2503301,1
4654,2504700,1
516,2500507,1
4659,2504700,1
4660,2504700,1
1040,2503400,1
4917,2504800,1
4906,2504800,1
300,2503305,1
4683,2504700,1
4684,2504700,1
2713,2504903,1
5807,2500200,1
4687,2504700,1
4688,2504700,1
2127,2500502,1
4689,2504700,1
616,2500507,1
4691,2504700,1
4697,2504700,1
4698,2504700,1
299,2503305,1
4705,2504700,1
4706,2504700,1
1174,2500703,1
4710,2504700,1
4717,2504700,1
1176,2500703,1
4718,2504700,1
5009,2504800,1
5005,2504800,1
5011,2504800,1
5001,2504800,1
5007,2504800,1
5003,2504800,1
791,2500704,1
5008,2504800,1
5010,2504800,1
5004,2504800,1
789,2500704,1
5006,2504800,1
4723,2504800,1
4726,2504800,1
4727,2504800,1
788,2500704,1
3136,2500300,1
4761,2504800,1
4764,2504800,1
4745,2504800,1
4735,2504800,1
2969,2500300,1
4783,2504800,1
4759,2504800,1
4768,2504800,1
1205,2501000,1
2794,2500300,1
4740,2504800,1
4762,2504800,1
2779,2500300,1
4743,2504800,1
4746,2504800,1
4766,2504800,1
4778,2504800,1
3158,2500300,1
4784,2504800,1
1179,2500703,1
4785,2504800,1
4786,2504800,1
1921,2500703,1
1920,2500703,1
1183,2500703,1
1178,2500703,1
1237,2501000,1
771,2500704,1
1232,2501000,1
1219,2501000,1
793,2500704,1
770,2500704,1
782,2500704,1
783,2500704,1
766,2500704,1
1231,2501000,1
768,2500704,1
758,2500704,1
792,2500704,1
774,2500704,1
767,2500704,1
757,2500704,1
765,2500704,1
1208,2501000,1
1152,2500703,1
1151,2500703,1
1140,2500704,1
773,2500704,1
508,2500507,1
1216,2501000,1
1154,2500703,1
456,2503306,1
1153,2500703,1
1150,2500703,1
1149,2500703,1
777,2500704,1
772,2500704,1
769,2500704,1
889,2500505,1
759,2500704,1
756,2500704,1
511,2500507,1
505,2500507,1
504,2500507,1
779,2500704,1
455,2503306,1
1215,2501000,1
614,2500507,1
1217,2501000,1
1156,2500703,1
762,2500704,1
1155,2500703,1
1164,2500703,1
1158,2500703,1
1159,2500703,1
761,2500704,1
509,2500507,1
510,2500507,1
466,2503306,1
3259,2500303,1
467,2503306,1
1211,2501000,1
3129,2500300,1
1163,2500703,1
1165,2500703,1
1160,2500703,1
491,2503306,1
1141,2500703,1
468,2503306,1
506,2500507,1
1161,2500703,1
780,2500704,1
764,2500704,1
763,2500704,1
507,2500507,1
464,2503306,1
488,2503306,1
477,2503306,1
471,2503306,1
461,2503306,1
481,2503302,1
959,2500503,1
953,2500503,1
952,2500503,1
951,2500503,1
3184,2500300,1
490,2503306,1
470,2503306,1
457,2503306,1
1136,2500704,1
3159,2500300,1
187,2503302,1
703,2500506,1
186,2503302,1
1430,2500503,1
176,2503302,1
700,2500506,1
950,2500503,1
1210,2501000,1
1427,2500503,1
1218,2501000,1
1212,2501000,1
1162,2500703,1
498,2503306,1
497,2503306,1
3169,2500300,1
1142,2500703,1
1167,2500703,1
781,2500704,1
487,2503306,1
191,2503302,1
3190,2500300,1
1137,2500704,1
955,2500503,1
478,2503306,1
3228,2500300,1
1134,2500704,1
993,2500503,1
175,2503302,1
699,2500506,1
173,2503302,1
954,2500503,1
3191,2500300,1
3197,2500300,1
949,2500503,1
942,2500503,1
3124,2500300,1
3123,2500300,1
943,2500503,1
941,2500503,1
691,2500506,1
948,2500503,1
944,2500503,1
940,2500503,1
945,2500503,1
907,2500505,1
1135,2500704,1
1133,2500704,1
496,2503306,1
305,2503305,1
1166,2500703,1
1138,2500704,1
683,2500506,1
479,2503306,1
971,2500503,1
670,2500506,1
172,2503302,1
1416,2500503,1
2156,2500501,1
2158,2500501,1
666,2500506,1
2157,2500501,1
2160,2500501,1
1417,2500503,1
659,2500506,1
1432,2501400,1
1429,2500503,1
3250,2500303,1
1428,2500503,1
2266,2500504,1
2289,2502400,1
3243,2500303,1
3002,2500303,1
3117,2500300,1
2995,2500303,1
3265,2500303,1
3111,2500300,1
3240,2500303,1
644,2500506,1
3249,2500303,1
2292,2502400,1
254,2503301,1
2287,2502400,1
2265,2500504,1
3258,2500303,1
2288,2502400,1
3079,2500303,1
3070,2500303,1
3000,2500303,1
2293,2502400,1
3242,2500303,1
3244,2500303,1
3003,2500303,1
3112,2500300,1
2294,2502400,1
2300,2502400,1
3001,2500303,1
609,2500507,1
3004,2500303,1
3073,2500303,1
131,2503304,1
3078,2500303,1
3077,2500303,1
630,2500506,1
2291,2502400,1
1584,2500504,1
3074,2500303,1
124,2503302,1
1592,2502400,1
2298,2502400,1
3055,2500303,1
2296,2502400,1
2295,2502400,1
3054,2500303,1
2998,2500303,1
3267,2500303,1
3018,2500303,1
2379,2502400,1
2368,2502400,1
3247,2500303,1
3245,2500303,1
3246,2500303,1
129,2503302,1
3080,2500303,1
3106,2500303,1
3091,2500300,1
3130,2500300,1
3131,2500300,1
2815,2500300,1
2804,2500302,1
2987,2500300,1
1583,2500504,1
1586,2500504,1
3022,2500303,1
2301,2502400,1
608,2500507,1
2297,2502400,1
2999,2500303,1
3023,2500303,1
695,2500506,1
3021,2500303,1
3016,2500302,1
3138,2500302,1
3007,2500303,1
3248,2500303,1
3075,2500303,1
697,2500506,1
3076,2500303,1
3082,2500303,1
3085,2500303,1
2765,2500300,1
2965,2500302,1
308,2503305,1
2885,2500302,1
2857,2500302,1
3020,2500302,1
2856,2500304,1
2913,2500304,1
2844,2500304,1
2876,2500304,1
2850,2500302,1
2845,2500302,1
2868,2500304,1
5649,2501600,1
1600,2502400,1
2871,2500304,1
5621,2500200,1
5820,2500200,1
5826,2500200,1
5653,2501600,1
5837,2500200,1
350,2503304,1
5858,2500200,1
3310,2500400,1
2397,2500304,1
3309,2500400,1
2375,2502400,1
1585,2500504,1
1593,2502400,1
3014,2500302,1
2380,2502400,1
2369,2502400,1
222,2503301,1
3009,2500303,1
3010,2500304,1
3012,2500302,1
3011,2500302,1
3013,2500302,1
1520,2500504,1
3017,2500303,1
3008,2500303,1
3135,2500300,1
2767,2500300,1
2966,2500302,1
678,2500506,1
2883,2500302,1
2858,2500302,1
2859,2500302,1
2887,2500304,1
2912,2500304,1
2869,2500304,1
677,2500506,1
2906,2500304,1
2903,2500304,1
689,2500506,1
2847,2500302,1
3354,2500301,1
690,2500506,1
2872,2500304,1
1566,2500504,1
5843,2500200,1
5862,2500200,1
5821,2500200,1
5806,2500200,1
5833,2500200,1
991,2500503,1
1595,2502400,1
1603,2502400,1
673,2500506,1
664,2500506,1
2383,2502400,1
2374,2502400,1
2371,2502400,1
654,2500506,1
2398,2500304,1
3028,2500303,1
990,2500503,1
3025,2500304,1
3026,2500304,1
655,2500506,1
3015,2500302,1
3019,2500302,1
994,2500503,1
2836,2500302,1
3219,2500300,1
2989,2500300,1
933,2500505,1
640,2500506,1
2951,2500302,1
2950,2500302,1
2377,2502400,1
2884,2500302,1
2882,2500304,1
2933,2500304,1
2914,2500304,1
2901,2500304,1
2900,2500304,1
2381,2502400,1
2904,2500304,1
2385,2502400,1
2905,2500304,1
3217,2500300,1
2870,2500304,1
5861,2500200,1
5848,2500200,1
5827,2500200,1
5815,2500200,1
5831,2500200,1
639,2500506,1
1587,2500504,1
1596,2502400,1
1594,2502400,1
1606,2502400,1
277,2503301,1
2386,2502400,1
2384,2502400,1
2370,2502400,1
2399,2500304,1
936,2500505,1
3035,2500302,1
2797,2500302,1
2960,2500300,1
2990,2500300,1
2974,2500302,1
2881,2500302,1
2975,2500302,1
2952,2500302,1
2932,2500304,1
2929,2500304,1
1589,2500504,1
2902,2500304,1
2908,2500304,1
2898,2500304,1
5856,2500200,1
5859,2500200,1
5819,2500200,1
5849,2500200,1
931,2500505,1
5830,2500200,1
1573,2500504,1
930,2500505,1
1599,2502400,1
26,2503301,1
2342,2502400,1
2751,2500302,1
2341,2502400,1
2390,2503601,1
2372,2502400,1
2400,2500304,1
271,2503305,1
2378,2502400,1
2798,2500304,1
2837,2500304,1
2796,2500304,1
3230,2500300,1
2970,2500300,1
2980,2500300,1
274,2503301,1
2874,2500302,1
2938,2500304,1
278,2503301,1
2927,2500304,1
324,2503304,1
2930,2500304,1
2897,2500304,1
992,2500503,1
2784,2500304,1
1576,2500504,1
746,2503400,1
2911,2500304,1
2918,2500304,1
5233,2500200,1
1578,2500504,1
5847,2500200,1
1598,2502400,1
6060,2500100,1
6020,2500100,1
5835,2500200,1
2934,2500304,1
2082,2500502,1
1575,2500504,1
2971,2500300,1
2343,2502400,1
2387,2503601,1
2344,2502400,1
2892,2500304,1
2388,2503601,1
2391,2503601,1
2376,2502400,1
3229,2500300,1
938,2500505,1
2873,2500302,1
2865,2500302,1
932,2500505,1
2928,2500304,1
238,2503301,1
2910,2500304,1
242,2503301,1
2758,2500304,1
2919,2500304,1
241,2503301,1
2783,2500304,1
2920,2500304,1
2921,2500304,1
2896,2500304,1
5224,2500200,1
1577,2500504,1
5232,2500200,1
6052,2500100,1
6100,2500100,1
247,2503301,1
5834,2500200,1
2083,2500502,1
1528,2500504,1
1529,2500504,1
2345,2502400,1
2347,2503601,1
2346,2503601,1
2864,2500302,1
2393,2503601,1
2863,2500302,1
3220,2500300,1
3069,2500300,1
2982,2500300,1
207,2503301,1
2931,2500304,1
2838,2500304,1
213,2503301,1
2923,2500304,1
2922,2500304,1
226,2503301,1
2895,2500304,1
5236,2500200,1
2909,2500304,1
6066,2500100,1
6128,2500100,1
6101,2500100,1
216,2503301,1
6005,2500100,1
2752,2500302,1
2937,2500302,1
217,2503301,1
6032,2500100,1
6002,2500100,1
6102,2500100,1
6089,2500100,1
927,2500505,1
6061,2500100,1
6008,2500100,1
214,2503301,1
6049,2500100,1
5832,2500200,1
6009,2500100,1
219,2503301,1
2128,2500502,1
2120,2500502,1
1139,2500704,1
1143,2500703,1
1580,2500504,1
1145,2500703,1
1144,2500703,1
1531,2500504,1
1530,2500504,1
2348,2503601,1
2356,2503601,1
2357,2503601,1
2395,2503601,1
231,2503301,1
3226,2500300,1
2822,2500300,1
2862,2500302,1
732,2503400,1
1434,2501400,1
1415,2500503,1
1469,2503500,1
972,2500503,1
973,2500503,1
1468,2503500,1
1414,2500503,1
734,2503400,1
1505,2503500,1
1507,2503500,1
1579,2500504,1
1572,2500504,1
1549,2501400,1
1550,2500504,1
1574,2500504,1
1582,2500504,1
1571,2500504,1
1565,2500504,1
1564,2500504,1
1567,2500504,1
1522,2500504,1
1523,2500504,1
1524,2500504,1
1535,2500504,1
1532,2500504,1
1533,2500504,1
1517,2500504,1
737,2503400,1
1526,2500504,1
1527,2500504,1
1536,2500504,1
1513,2500504,1
1516,2500504,1
1515,2500504,1
1478,2503500,1
1481,2503500,1
2349,2503601,1
215,2503301,1
2358,2503601,1
1474,2503500,1
1477,2503500,1
2359,2503601,1
1021,2503400,1
1483,2503500,1
2367,2503601,1
2355,2503601,1
2360,2503601,1
1030,2503400,1
2363,2503601,1
1487,2503500,1
1475,2503500,1
2364,2503601,1
1485,2503500,1
1673,2503601,1
2456,2503601,1
302,2503305,1
2365,2503601,1
2354,2503601,1
1019,2503400,1
2361,2503601,1
1029,2503400,1
1031,2503400,1
1488,2503500,1
1486,2503500,1
2458,2503601,1
1489,2503500,1
1671,2503601,1
1035,2503400,1
2457,2503601,1
2353,2503601,1
2362,2503601,1
1037,2503400,1
1025,2503400,1
1032,2503400,1
1490,2503500,1
1000,2503400,1
1491,2503500,1
1051,2503400,1
447,2503305,1
210,2503301,1
444,2503305,1
2417,2503601,1
2352,2503601,1
232,2503301,1
1024,2503400,1
1034,2503400,1
1033,2503400,1
744,2503400,1
1045,2503400,1
1048,2503400,1
755,2503400,1
227,2503301,1
442,2503305,1
443,2503305,1
2419,2503601,1
1036,2503400,1
1046,2503400,1
1042,2503400,1
999,2503400,1
754,2503400,1
2422,2503601,1
1013,2503400,1
1020,2503400,1
1018,2503400,1
1038,2503400,1
121,2503302,1
1047,2503400,1
1041,2503400,1
751,2503400,1
1014,2503400,1
1015,2503400,1
1017,2503400,1
211,2503301,1
209,2503301,1
750,2503400,1
753,2503400,1
1039,2503400,1
1043,2503400,1
740,2503400,1
749,2503400,1
752,2503400,1
309,2503305,1
347,2503305,1
346,2503305,1
3227,2500300,1
2979,2500300,1
1470,2503500,1
1471,2503500,1
230,2503301,1
1473,2503500,1
733,2503400,1
1472,2503500,1
1510,2503500,1
738,2503400,1
1508,2503500,1
974,2500503,1
985,2500503,1
1012,2503400,1
1509,2503500,1
233,2503301,1
986,2500503,1
998,2500503,1
1028,2503400,1
237,2503301,1
1512,2503500,1
1511,2503500,1
1552,2500504,1
731,2503400,1
983,2500503,1
987,2500503,1
995,2500503,1
1027,2503400,1
1553,2500504,1
730,2503400,1
1551,2500504,1
988,2500503,1
989,2500503,1
1026,2503400,1
1563,2500504,1
980,2500503,1
1568,2500504,1
1581,2500504,1
979,2500503,1
736,2503400,1
981,2500503,1
1023,2503400,1
962,2500503,1
1519,2500504,1
1558,2500504,1
977,2500503,1
978,2500503,1
976,2500503,1
964,2500503,1
961,2500503,1
1005,2503400,1
1569,2500504,1
996,2500503,1
1022,2503400,1
1562,2500504,1
975,2500503,1
968,2500503,1
966,2500503,1
965,2500503,1
1001,2503400,1
969,2500503,1
967,2500503,1
1002,2503400,1
935,2500505,1
1521,2500504,1
1570,2500504,1
1003,2503400,1
939,2500505,1
923,2500505,1
239,2503301,1
240,2503301,1
223,2503301,1
208,2503301,1
741,2503400,1
742,2503400,1
745,2503400,1
929,2500505,1
928,2500505,1
922,2500505,1
712,2500506,1
735,2503400,1
284,2503304,1
293,2503304,1
1518,2500504,1
997,2500503,1
937,2500505,1
729,2503400,1
913,2500505,1
911,2500505,1
908,2500505,1
715,2500506,1
714,2500506,1
261,2503301,1
713,2500506,1
711,2500506,1
710,2500506,1
685,2500506,1
243,2503301,1
262,2503301,1
246,2503301,1
212,2503301,1
225,2503301,1
228,2503301,1
218,2503301,1
220,2503301,1
296,2503304,1
301,2503304,1
304,2503305,1
343,2503305,1
912,2500505,1
295,2503304,1
914,2500505,1
910,2500505,1
909,2500505,1
726,2500506,1
725,2500506,1
706,2500506,1
709,2500506,1
708,2500506,1
687,2500506,1
688,2500506,1
245,2503301,1
668,2500506,1
332,2503304,1
333,2503304,1
345,2503305,1
341,2503304,1
342,2503304,1
724,2500506,1
921,2500505,1
915,2500505,1
916,2500505,1
727,2500506,1
344,2503305,1
336,2503304,1
337,2503304,1
920,2500505,1
918,2500505,1
917,2500505,1
893,2500505,1
890,2500505,1
719,2500506,1
720,2500506,1
721,2500506,1
704,2500506,1
312,2503304,1
328,2503304,1
330,2503304,1
338,2503304,1
898,2500505,1
897,2500505,1
894,2500505,1
891,2500505,1
622,2500507,1
618,2500507,1
718,2500506,1
717,2500506,1
716,2500506,1
586,2500507,1
107,2503302,1
116,2503302,1
313,2503304,1
314,2503304,1
323,2503304,1
329,2503304,1
317,2503304,1
331,2503304,1
903,2500505,1
901,2500505,1
900,2500505,1
905,2500505,1
904,2500505,1
628,2500506,1
27,2503302,1
895,2500505,1
892,2500505,1
624,2500507,1
620,2500507,1
619,2500507,1
617,2500507,1
316,2503304,1
132,2503304,1
362,2503303,1
906,2500505,1
578,2500508,1
577,2500508,1
575,2500508,1
558,2500508,1
557,2500508,1
623,2500507,1
621,2500507,1
615,2500507,1
607,2500507,1
583,2500507,1
585,2500507,1
584,2500507,1
661,2500506,1
681,2500506,1
674,2500506,1
663,2500506,1
133,2503303,1
353,2503303,1
576,2500508,1
573,2500508,1
2778,2500300,1
556,2500508,1
555,2500508,1
612,2500507,1
602,2500507,1
610,2500507,1
606,2500507,1
604,2500507,1
2824,2500300,1
581,2500507,1
582,2500507,1
680,2500506,1
675,2500506,1
662,2500506,1
651,2500506,1
650,2500506,1
633,2500506,1
635,2500506,1
636,2500506,1
627,2500506,1
198,2503302,1
192,2503302,1
22,2503301,1
600,2500507,1
2827,2500300,1
21,2503302,1
29,2503302,1
87,2503302,1
89,2503302,1
99,2503302,1
102,2503302,1
113,2503302,1
119,2503302,1
120,2503302,1
130,2503303,1
318,2503303,1
554,2500508,1
553,2500508,1
550,2500508,1
603,2500507,1
588,2500507,1
587,2500507,1
579,2500507,1
676,2500506,1
648,2500506,1
649,2500506,1
632,2500506,1
634,2500506,1
631,2500506,1
629,2500506,1
197,2503302,1
193,2503302,1
1,2503302,1
2,2503302,1
3,2503302,1
79,2503302,1
32,2503302,1
92,2503302,1
90,2503302,1
98,2503302,1
100,2503302,1
101,2503302,1
78,2503302,1
83,2503302,1
114,2503302,1
115,2503302,1
82,2503302,1
20,2503302,1
551,2500508,1
598,2500507,1
599,2500507,1
590,2500507,1
589,2500507,1
205,2503302,1
580,2500507,1
203,2503302,1
647,2500506,1
646,2500506,1
200,2503302,1
196,2503302,1
194,2503302,1
4,2503302,1
96,2503302,1
97,2503302,1
72,2503302,1
596,2500507,1
591,2500507,1
206,2503302,1
202,2503302,1
204,2503302,1
201,2503302,1
207405,3300800,1
195,2503302,1
91,2503302,1
71,2503302,1
74,2503302,1
73,2503302,1
594,2500507,1
86,2503302,1
31,2503302,1
51,2503302,1
61,2503302,1
62,2503302,1
13,2503302,1
84,2503302,1
48,2503302,1
53,2503302,1
55,2503302,1
64,2503302,1
67,2503302,1
11,2503302,1
137,2503303,1
12,2503302,1
41,2503302,1
42,2503302,1
43,2503302,1
49,2503302,1
54,2503302,1
57,2503302,1
56,2503302,1
59,2503302,1
68,2503302,1
7,2503302,1
138,2503303,1
141,2503303,1
35,2503302,1
36,2503302,1
45,2503302,1
5,2503302,1
135,2503303,1
3231,2500300,1
34,2503302,1
38,2503302,1
39,2503302,1
146,2503303,1
1642,2502400,1
1641,2502400,1
5509,2501900,1
1664,2502400,1
1655,2503601,1
5545,2501900,1
1605,2502400,1
1670,2503601,1
1604,2502400,1
2114,2500502,1
1652,2503601,1
2100,2500502,1
5278,2501901,1
1668,2503601,1
5296,2501901,1
1666,2502400,1
1667,2502400,1
1395,2501300,1
5536,2501900,1
1413,2501300,1
1408,2501300,1
1411,2501300,1
2099,2500502,1
1393,2501300,1
2097,2500502,1
2113,2500502,1
1399,2501300,1
1398,2501300,1
2085,2500502,1
1391,2501300,1
2094,2500502,1
2091,2500502,1
1390,2501300,1
2093,2500502,1
1403,2501300,1
1405,2501300,1
2088,2500502,1
2087,2500502,1
2086,2500502,1
5577,2501900,1
2125,2500502,1
2123,2500502,1
2126,2500502,1
2122,2500502,1
5532,2501900,1
2121,2500502,1
2117,2500502,1
207241,3300800,1
207403,3300800,1
207231,3300700,1
207216,3300700,1
2090,2500502,1
2110,2500502,1
6065,2500100,1
207215,3300700,1
2124,2500502,1
2112,2500502,1
2115,2500502,1
2107,2500502,1
2116,2500502,1
2105,2500502,1
2106,2500502,1
2103,2500502,1
2101,2500502,1
5462,2501900,1
2096,2500502,1
2104,2500502,1
2109,2500502,1
5225,2501600,1
6007,2500100,1
6012,2500100,1
5355,2501901,1
6070,2500100,1
6134,2500100,1
6122,2500100,1
6082,2500100,1
6017,2500100,1
6121,2500100,1
5205,2501600,1
6056,2500100,1
6123,2500100,1
6129,2500100,1
6019,2500100,1
5227,2501600,1
5230,2501901,1
5358,2501901,1
2893,2500304,1
5354,2501901,1
2907,2500304,1
5377,2501901,1
5285,2501901,1
5286,2501902,1
5555,2501900,1
5467,2501902,1
5434,2501902,1
6064,2500100,1
6116,2500100,1
5457,2501902,1
5453,2501902,1
5431,2501902,1
5204,2501902,1
6038,2500100,1
6136,2500100,1
6139,2500100,1
5203,2501600,1
2915,2500304,1
5206,2501600,1
5207,2501600,1
5223,2501902,1
5654,2501600,1
5576,2501900,1
207226,3300800,1
5288,2501900,1
5249,2501900,1
5616,2500200,1
5435,2501900,1
5250,2501901,1
5642,2500200,1
5349,2501901,1
5343,2501901,1
5579,2501900,1
5346,2501901,1
5289,2501901,1
207411,3300800,1
5287,2501901,1
5344,2501901,1
6086,2500100,1
5345,2501901,1
5347,2501901,1
5348,2501901,1
5352,2501901,1
207449,3300800,1
5359,2501901,1
5368,2501901,1
5353,2501901,1
5350,2501901,1
5369,2501901,1
207397,3300800,1
5245,2501901,1
5228,2501600,1
207398,3300800,1
5229,2501901,1
6011,2500100,1
5370,2501901,1
5364,2501901,1
207447,3300800,1
5357,2501901,1
5234,2501600,1
5356,2501901,1
6068,2500100,1
5365,2501901,1
5366,2501901,1
5363,2501901,1
5238,2501600,1
6083,2500100,1
5362,2501901,1
6106,2500100,1
5235,2501600,1
6058,2500100,1
6132,2500100,1
5226,2501600,1
6143,2500100,1
6037,2500100,1
207211,3300800,1
6014,2500100,1
6035,2500100,1
6042,2500100,1
6078,2500100,1
6046,2500100,1
6050,2500100,1
6015,2500100,1
6098,2500100,1
207217,3300800,1
207219,3300800,1
6022,2500100,1
6137,2500100,1
6127,2500100,1
6140,2500100,1
6141,2500100,1
6067,2500100,1
6021,2500100,1
6043,2500100,1
207416,3300800,1
6063,2500100,1
6013,2500100,1
6097,2500100,1
6051,2500100,1
6001,2500100,1
207420,3300800,1
6044,2500100,1
6016,2500100,1
6054,2500100,1
6133,2500100,1
6112,2500100,1
6111,2500100,1
6085,2500100,1
207399,3300800,1
6074,2500100,1
6115,2500100,1
6045,2500100,1
6076,2500100,1
6087,2500100,1
207330,3300800,1
6096,2500100,1
6120,2500100,1
207412,3300800,1
6088,2500100,1
6093,2500100,1
6107,2500100,1
6057,2500100,1
207334,3300800,1
6047,2500100,1
6069,2500100,1
207415,3300800,1
6024,2500100,1
6105,2500100,1
6104,2500100,1
6117,2500100,1
6108,2500100,1
5210,2501600,1
6018,2500100,1
6075,2500100,1
6025,2500100,1
6125,2500100,1
6091,2500100,1
6041,2500100,1
6124,2500100,1
6126,2500100,1
6109,2500100,1
6079,2500100,1
6119,2500100,1
6040,2500100,1
6059,2500100,1
6118,2500100,1
6033,2500100,1
5211,2501600,1
5215,2501600,1
5209,2501600,1
5212,2501600,1
5213,2501600,1
5655,2501600,1
5404,2501600,1
5214,2501600,1
5407,2501600,1
5656,2501600,1
5222,2501600,1
5408,2501600,1
5239,2501600,1
5219,2501902,1
5220,2501600,1
5361,2501901,1
5618,2501600,1
5617,2500200,1
5640,2500200,1
5638,2500200,1
5637,2500200,1
5231,2501600,1
207336,3300800,1
5328,2500200,1
207414,3300800,1
207413,3300800,1
5332,2500200,1
5398,2501600,1
5432,2501902,1
5237,2501600,1
207208,3300800,1
207209,3300800,1
5240,2500200,1
5360,2501901,1
5324,2501600,1
5241,2500200,1
207422,3300800,1
6114,2500100,1
5340,2501901,1
5448,2501902,1
5449,2501902,1
5323,2501901,1
5379,2501901,1
5262,2501901,1
5351,2501901,1
5382,2501901,1
5378,2501901,1
5436,2501902,1
5380,2501901,1
5544,2501900,1
5568,2501900,1
5276,2501900,1
5381,2501901,1
5258,2501901,1
5263,2501900,1
5543,2501900,1
5575,2501900,1
5556,2501900,1
5452,2501902,1
5459,2501902,1
5572,2501900,1
207346,3300800,1
207329,3300800,1
207218,3300800,1
207210,3300800,1
207410,3300800,1
207331,3300800,1
207335,3300800,1
5460,2501900,1
207225,3300700,1
207229,3300700,1
5433,2501902,1
5461,2501900,1
5513,2501900,1
5450,2501902,1
5451,2501900,1
5458,2501900,1
5454,2501900,1
5455,2501902,1
5612,2501902,1
5611,2501902,1
5571,2501900,1
5574,2501900,1
5569,2501900,1
5600,2501900,1
5598,2501900,1
5498,2501900,1
5599,2501900,1
5243,2501902,1
5595,2501900,1
5548,2501900,1
5446,2501900,1
5439,2501902,1
5823,2500200,1
5549,2501900,1
5437,2501902,1
6055,2500100,1
5813,2500200,1
6095,2500100,1
5822,2500200,1
5845,2500200,1
6142,2500100,1
6138,2500100,1
6130,2500100,1
6010,2500100,1
6039,2500100,1
6026,2500100,1
6036,2500100,1
6077,2500100,1
6131,2500100,1
6048,2500100,1
6034,2500100,1
6110,2500100,1
6029,2500100,1
6028,2500100,1
6027,2500100,1
6099,2500100,1
6113,2500100,1
6135,2500100,1
6092,2500100,1
6103,2500100,1
6030,2500100,1
6031,2500100,1
6006,2500100,1
6053,2500100,1
6090,2500100,1
5266,2501901,1
6094,2500100,1
6071,2500100,1
6072,2500100,1
6084,2500100,1
6004,2500100,1
6081,2500100,1
6080,2500100,1
5530,2501900,1
6073,2500100,1
6062,2500100,1
6003,2500100,1
6023,2500100,1
5242,2501902,1
5244,2501600,1
5622,2501600,1
5542,2501900,1
5275,2501900,1
5307,2501900,1
5260,2501901,1
5386,2501901,1
5551,2501900,1
5383,2501901,1
5385,2501901,1
5387,2501901,1
5641,2500200,1
5388,2501901,1
5389,2501901,1
5390,2501901,1
5310,2501901,1
5247,2501902,1
5504,2501900,1
5317,2501901,1
5318,2501901,1
5547,2501900,1
5319,2501600,1
5411,2501600,1
5409,2501600,1
5327,2501600,1
5316,2501901,1
5410,2501600,1
5608,2501900,1
5401,2501600,1
5400,2501600,1
5399,2501600,1
5330,2501600,1
5415,2501600,1
5329,2500200,1
5331,2500200,1
5430,2501600,1
5325,2501600,1
5321,2501600,1
5394,2501901,1
5558,2501900,1
5613,2500200,1
5412,2501600,1
5560,2501900,1
5614,2500200,1
5615,2500200,1
5525,2501900,1
5623,2501600,1
5624,2501600,1
5246,2501600,1
5251,2501901,1
5562,2501900,1
5627,2501600,1
5570,2501900,1
5248,2501600,1
5628,2501600,1
5626,2501600,1
5336,2501600,1
5524,2501900,1
5277,2501901,1
5256,2501901,1
5552,2501900,1
5573,2501900,1
5295,2501901,1
5320,2501600,1
5294,2501901,1
5255,2501902,1
5338,2501600,1
5308,2501902,1
5309,2501900,1
5557,2501900,1
5339,2501600,1
5290,2501901,1
5565,2501900,1
5564,2501900,1
5413,2501600,1
5257,2501901,1
5493,2501900,1
5553,2501900,1
5490,2501900,1
5496,2501900,1
5488,2501900,1
5538,2501900,1
5515,2501900,1
5535,2501900,1
5597,2501900,1
5596,2501900,1
5534,2501900,1
5253,2501902,1
5594,2501900,1
5489,2501900,1
5497,2501900,1
5441,2501902,1
5518,2501900,1
5491,2501900,1
5445,2501900,1
5465,2501902,1
5505,2501900,1
5274,2501902,1
5443,2501902,1
5442,2501902,1
5440,2501902,1
5550,2501900,1
5438,2501902,1
5447,2501900,1
5506,2501900,1
5516,2501900,1
5254,2501902,1
5527,2501900,1
5517,2501900,1
5514,2501900,1
5252,2501902,1
5512,2501902,1
5473,2501902,1
5484,2501902,1
5563,2501900,1
5479,2501900,1
5559,2501900,1
5561,2501900,1
5519,2501900,1
5546,2501900,1
5520,2501900,1
5508,2501900,1
5522,2501900,1
5526,2501900,1
5477,2501900,1
5486,2501902,1
5273,2501902,1
5259,2501901,1
5261,2501901,1
5578,2501900,1
5264,2501901,1
5265,2501902,1
5341,2501901,1
5292,2501901,1
5396,2501901,1
5395,2501901,1
5291,2501901,1
5293,2501901,1
5421,2501901,1
5267,2501901,1
5588,2501902,1
5311,2501901,1
5424,2501901,1
5420,2501901,1
5279,2501901,1
5268,2501600,1
5269,2501902,1
5270,2501901,1
5271,2501901,1
5632,2501600,1
5633,2501600,1
5284,2501902,1
5297,2501901,1
5298,2501901,1
5631,2501600,1
5630,2501600,1
5501,2501902,1
5634,2501600,1
5280,2501902,1
5302,2501901,1
5312,2501901,1
5475,2501900,1
5337,2501600,1
5585,2501902,1
5314,2501901,1
5590,2501902,1
5300,2501901,1
5476,2501900,1
5531,2501900,1
5335,2501600,1
5283,2501902,1
5500,2501902,1
5487,2501902,1
5485,2501902,1
5483,2501902,1
5511,2501902,1
5305,2501902,1
5474,2501900,1
5306,2501902,1
5478,2501900,1
5480,2501900,1
5281,2501902,1
5282,2501902,1
5299,2501901,1
5301,2501901,1
5342,2501901,1
5303,2501901,1
5304,2501902,1
5315,2501901,1
5322,2501900,1
5405,2501600,1
5326,2501600,1
5333,2501600,1
5334,2501600,1
5403,2501600,1
5375,2501901,1
5425,2501600,1
5406,2501600,1
5373,2501901,1
5374,2501901,1
5367,2501901,1
5371,2501901,1
5372,2501901,1
5419,2501600,1
5376,2501901,1
5384,2501901,1
5391,2501901,1
5422,2501901,1
5423,2501901,1
5392,2501901,1
5393,2501901,1
5397,2501600,1
5402,2501600,1
5414,2501600,1
5416,2501600,1
5418,2501600,1
5417,2501600,1
5427,2501600,1
5428,2501600,1
5429,2501600,1
5444,2501902,1
5662,2501902,1
5456,2501902,1
5463,2501902,1
5464,2501902,1
5471,2501902,1
5466,2501902,1
5468,2501902,1
5472,2501902,1
5469,2501902,1
5470,2501902,1
5507,2501900,1
5481,2501900,1
5482,2501902,1
5583,2501902,1
5587,2501902,1
5502,2501900,1
5503,2501900,1
5521,2501900,1
5528,2501900,1
5529,2501900,1
5533,2501900,1
5537,2501900,1
5539,2501900,1
5540,2501900,1
5554,2501900,1
5580,2501902,1
5581,2501902,1
5604,2501900,1
5582,2501902,1
5584,2501902,1
5586,2501902,1
5589,2501902,1
5591,2501902,1
5592,2501902,1
5593,2501902,1
5602,2501900,1
5603,2501900,1
5605,2501902,1
5606,2501902,1
5607,2501900,1
2753,2500302,1
5609,2501900,1
5610,2501900,1
5620,2500200,1
5644,2500200,1
5625,2500200,1
5629,2501600,1
5828,2500200,1
5635,2500200,1
5636,2500200,1
5639,2500200,1
5844,2500200,1
5643,2500200,1
5851,2500200,1
5645,2500200,1
5646,2500200,1
5647,2500200,1
5804,2500200,1
5805,2500200,1
5850,2500200,1
5803,2500200,1
5842,2500200,1
5817,2500200,1
5838,2500200,1
2984,2500302,1
5855,2500200,1
5852,2500200,1
5853,2500200,1
5802,2500200,1
5801,2500200,1
5854,2500200,1
1433,2501400,1
1441,2501400,1
2833,2500302,1
1437,2501400,1
1436,2501400,1
3153,2500300,1
2839,2500304,1
2826,2500300,1
2757,2500302,1
2755,2500302,1
2834,2500302,1
2835,2500302,1
2756,2500302,1
2808,2500300,1
2800,2500300,1
2983,2500302,1
2786,2500300,1
2787,2500300,1
2788,2500300,1
2754,2500302,1
2939,2500302,1
3148,2500300,1
3090,2500300,1
2825,2500302,1
3145,2500300,1
1988,2500702,1
1989,2500702,1
2832,2500302,1
207146,3301000,1
207148,3301000,1
207147,3301000,1
3143,2500300,1
3151,2500300,1
3089,2500300,1
2823,2500302,1
2831,2500302,1
3186,2500300,1
3187,2500300,1
3147,2500300,1
3149,2500300,1
3150,2500300,1
3146,2500300,1
3144,2500300,1
3198,2500300,1
3093,2500300,1
3107,2500300,1
3086,2500300,1
3127,2500300,1
3087,2500300,1
3113,2500300,1
3094,2500300,1
3155,2500300,1
3088,2500303,1
3108,2500300,1
3104,2500303,1
3119,2500300,1
3128,2500300,1
3161,2500300,1
3154,2500300,1
3140,2500300,1
3142,2500300,1
3203,2500300,1
3201,2500300,1
3202,2500300,1
3200,2500300,1
3178,2500300,1
3162,2500300,1
2782,2500300,1
2781,2500300,1
3163,2500300,1
3165,2500300,1
2789,2500300,1
2821,2500300,1
2791,2500300,1
2818,2500300,1
2820,2500300,1
2977,2500300,1
3099,2500300,1
2978,2500300,1
2986,2500300,1
2793,2500300,1
2777,2500300,1
2961,2500300,1
2962,2500300,1
2771,2500300,1
2776,2500300,1
2790,2500300,1
3096,2500300,1
3095,2500300,1
3134,2500300,1
3133,2500300,1
2829,2500300,1
3215,2500300,1
3213,2500300,1
3118,2500300,1
3212,2500300,1
2807,2500300,1
2809,2500300,1
2801,2500300,1
2816,2500300,1
2991,2500300,1
2968,2500300,1
2964,2500300,1
2967,2500300,1
2963,2500300,1
2772,2500300,1
2773,2500300,1
2774,2500300,1
2775,2500300,1
2780,2500300,1
2817,2500300,1
3168,2500300,1
2795,2500300,1
2828,2500300,1
2830,2500300,1
2981,2500300,1
2860,2500302,1
5660,2501600,1
2861,2500302,1
2875,2500302,1
2880,2500302,1
5661,2501600,1
2890,2500302,1
2889,2500302,1
2926,2500304,1
2891,2500302,1
2894,2500304,1
2899,2500304,1
2916,2500304,1
2925,2500304,1
2917,2500304,1
2924,2500304,1
3221,2500300,1
2935,2500304,1
2936,2500304,1
2948,2500302,1
2953,2500302,1
2954,2500302,1
2976,2500302,1
2956,2500302,1
2973,2500302,1
2985,2500302,1
2957,2500302,1
2958,2500302,1
2959,2500302,1
3137,2500300,1
2988,2500300,1
2992,2500302,1
2993,2500302,1
2994,2500302,1
3312,2500400,1
3156,2500300,1
3313,2500400,1
3324,2500301,1
3328,2500301,1
3330,2500301,1
3331,2500301,1
3332,2500400,1
3160,2500300,1
3185,2500300,1
3171,2500300,1
3335,2500400,1
1601,2502400,1
1602,2502400,1
3172,2500300,1
2267,2500504,1
2268,2500504,1
2290,2502400,1
3034,2500302,1
2286,2500504,1
2269,2500504,1
3224,2500300,1
3047,2500304,1
3048,2500303,1
3068,2500300,1
3173,2500300,1
3092,2500300,1
3098,2500300,1
3100,2500300,1
3101,2500300,1
3122,2500300,1
3223,2500300,1
3174,2500300,1
3209,2500300,1
3103,2500303,1
3175,2500300,1
3176,2500300,1
3177,2500300,1
3179,2500300,1
3181,2500300,1
3182,2500300,1
3105,2500303,1
3109,2500300,1
3115,2500303,1
3120,2500300,1
3125,2500300,1
3183,2500300,1
3199,2500300,1
3204,2500300,1
3205,2500300,1
3206,2500300,1
3207,2500300,1
3208,2500300,1
3211,2500300,1
3214,2500300,1
3218,2500300,1
3232,2500300,1
3233,2500300,1
3234,2500300,1
3235,2500303,1
3236,2500303,1
3237,2500303,1
3238,2500302,1
3264,2500303,1
208497,4400102,1
3239,2500302,1
3263,2500303,1
3261,2500303,1
3262,2500303,1
3266,2500303,1
2302,2500303,1
2366,2503601,1
208479,4400101,1
208480,4400101,1
208493,4400101,1
208482,4400101,1
208483,4400101,1
208491,4400101,1
208494,4400101,1
2382,2502400,1
2373,2502400,1
2389,2503601,1
1525,2500504,1
4090,2504200,1
4080,2504200,1
1665,2502400,1
147,2503303,1
1672,2503601,1
1669,2503601,1
2351,2503601,1
2350,2503601,1
1463,2501400,1
1466,2501400,1
151,2503303,1
1555,2500504,1
1588,2500504,1
1597,2502400,1
150,2503303,1
2270,2500504,1
2279,2500504,1
170,2503302,1
2281,2500504,1
1435,2501400,1
2282,2500504,1
2272,2500504,1
2283,2500504,1
2271,2500504,1
180,2503302,1
2299,2502400,1
1556,2500504,1
2285,2500504,1
2280,2500504,1
1465,2501400,1
1557,2500504,1
1554,2500504,1
1559,2500504,1
1560,2500504,1
1561,2500504,1
1506,2503500,1
2230,2500501,1
207270,3300600,1
169,2503302,1
207272,3300900,1
3386,2500301,1
3390,2500301,1
207293,3300900,1
3343,2500400,1
139,2503303,1
3352,2500301,1
3358,2500301,1
3360,2500301,1
3361,2500301,1
3373,2500301,1
3385,2500301,1
3272,2500301,1
3367,2500301,1
3368,2500301,1
3371,2500301,1
3392,2500301,1
3370,2500301,1
3372,2500301,1
3374,2500301,1
207307,3300900,1
3375,2500301,1
3377,2500301,1
3380,2500301,1
148,2503303,1
3393,2500301,1
207299,3300600,1
207301,3300600,1
1452,2501400,1
207305,3300600,1
1453,2501400,1
2187,2500501,1
2192,2501400,1
2108,2500502,1
1451,2501400,1
2178,2500501,1
207370,3300900,1
2084,2500502,1
2143,2500501,1
2111,2500502,1
207039,3300700,1
207332,3300800,1
207333,3300800,1
207380,3300900,1
207387,3300900,1
207342,3300600,1
207404,3300800,1
207343,3300900,1
207345,3300900,1
207350,3300900,1
207354,3300900,1
207388,3300900,1
207357,3300600,1
207389,3300900,1
207358,3300900,1
207359,3300900,1
207369,3300900,1
207406,3300800,1
207407,3300800,1
207408,3300800,1
207409,3300800,1
207417,3300800,1
207418,3300800,1
207419,3300800,1
207421,3300800,1
207423,3300800,1
207042,3300700,1
512,2500507,1
207433,3300800,1
207443,3300800,1
207445,3300800,1
1146,2500703,1
1147,2500703,1
1148,2500703,1
484,2503306,1
145,2503303,1
143,2503303,1
168,2503302,1
495,2503306,1
183,2503302,1
182,2503302,1
185,2503302,1
184,2503302,1
1431,2500503,1
154,2503303,1
149,2503303,1
163,2503303,1
156,2503303,1
164,2503303,1
161,2503303,1
171,2503302,1
174,2503302,1
181,2503302,1
179,2503302,1
473,2503306,1
472,2503306,1
475,2503306,1
474,2503306,1
476,2503306,1
513,2500507,1
514,2500507,1
517,2500507,1
518,2500507,1
521,2500508,1
1740,2504000,1
533,2500508,1
1799,2503900,1
1801,2503900,1
1802,2503900,1
1724,2504000,1
1752,2504000,1
1741,2504000,1
1739,2504000,1
1738,2504000,1
1737,2504000,1
1753,2504000,1
2525,2504901,1
1751,2504000,1
2524,2504901,1
1750,2504000,1
1759,2504000,1
152,2503303,1
1761,2504000,1
1756,2504000,1
1760,2504000,1
153,2503303,1
1749,2504000,1
1762,2504000,1
1754,2504000,1
166,2503303,1
2526,2504901,1
1758,2504000,1
2527,2504901,1
2530,2504901,1
155,2503303,1
2420,2503601,1
4001,2504303,1
4003,2504303,1
4002,2504303,1
4010,2504303,1
1628,2503602,1
743,2503400,1
4005,2504303,1
4014,2504303,1
1618,2503602,1
1757,2504000,1
1692,2503602,1
446,2503305,1
1695,2503602,1
6,2503302,1
10,2503302,1
9,2503302,1
8,2503302,1
445,2503305,1
899,2500505,1
1058,2503602,1
1476,2503500,1
1484,2503500,1
1049,2503400,1
1050,2503400,1
1503,2503500,1
1044,2503400,1
919,2500505,1
1009,2503400,1
1011,2503400,1
1004,2503400,1
1010,2503400,1
1007,2503400,1
1008,2503400,1
1006,2503400,1
984,2500503,1
982,2500503,1
934,2500505,1
963,2500503,1
686,2500506,1
902,2500505,1
298,2503305,1
303,2503305,1
747,2503400,1
748,2503400,1
275,2503301,1
255,2503301,1
340,2503304,1
319,2503304,1
924,2500505,1
728,2500506,1
235,2503301,1
244,2503301,1
283,2503304,1
671,2500506,1
605,2500507,1
601,2500507,1
592,2500507,1
595,2500507,1
593,2500507,1
23,2503302,1
40,2503302,1
47,2503302,1
44,2503302,1
199,2503302,1
562,2500508,1
545,2500508,1
1865,2503900,1
1785,2504901,1
1786,2504901,1
1764,2504000,1
1787,2504901,1
1784,2504901,1
2563,2504901,1
2560,2504901,1
1777,2504000,1
1841,2503900,1
1104,2503603,1
1788,2504901,1
1086,2503603,1
1089,2503603,1
1875,2504901,1
1885,2504901,1
1867,2503900,1
1903,2504902,1
399,2503306,1
1848,2503900,1
1793,2503900,1
1095,2503603,1
397,2503306,1
1849,2503900,1
1850,2503900,1
1851,2503900,1
1852,2503900,1
1103,2503603,1
483,2503306,1
396,2503306,1
1857,2503900,1
398,2503306,1
1131,2503603,1
1132,2503603,1
1084,2503603,1
1085,2503603,1
1825,2503900,1
1855,2503900,1
448,2503306,1
449,2503306,1
454,2503306,1
450,2503306,1
480,2503306,1
485,2503306,1
486,2503306,1
482,2503306,1
494,2503306,1
188,2503302,1
189,2503302,1
190,2503302,1
451,2503302,1
177,2503302,1
178,2503302,1
459,2503306,1
452,2503306,1
453,2503306,1
531,2500508,1
532,2500508,1
493,2503306,1
1871,2503900,1
1952,2500702,1
1955,2500702,1
2070,2500701,1
2079,2500701,1
1329,2501300,1
1397,2501300,1
1330,2501300,1
2013,2500701,1
1420,2500503,1
1396,2501300,1
1404,2501300,1
1355,2501300,1
1361,2501300,1
1407,2501300,1
1406,2501300,1
1412,2501300,1
2076,2500701,1
2011,2500701,1
1271,2501000,1
868,2502800,1
1304,2500702,1
1305,2500702,1
2043,2500701,1
1307,2500702,1
2004,2500701,1
2044,2500701,1
2054,2500701,1
2055,2500701,1
2058,2500701,1
2047,2500701,1
207118,3301000,1
2052,2500701,1
207119,3301000,1
1213,2501000,1
1249,2501000,1
1197,2501000,1
775,2500704,1
776,2500704,1
778,2500704,1
1209,2501000,1
1207,2501000,1
1214,2501000,1
1239,2501000,1
1157,2500703,1
1177,2500703,1
1175,2500703,1
1186,2500703,1
1990,2500702,1
1995,2500702,1
207131,3301000,1
1966,2500703,1
1971,2500703,1
207141,3301000,1
207144,3301000,1
1913,2504903,1
1917,2504903,1
1923,2500703,1
1924,2500703,1
1925,2500703,1
1933,2500703,1
1926,2500703,1
1927,2500703,1
1931,2500703,1
1934,2500703,1
1935,2500703,1
1936,2500703,1
1938,2500703,1
1932,2500703,1
1937,2500703,1
1928,2500703,1
1930,2500703,1
1929,2500703,1
207150,3301000,1
207151,3301000,1
207152,3301000,1
207153,3301000,1
207154,3301000,1
207155,3301000,1
207156,3301000,1
207163,3301000,1
207158,3300700,1
207160,3301000,1
207164,3301000,1
207166,3301000,1
207167,3301000,1
207168,3301000,1
207169,3301000,1
4788,2504800,1
4789,2504800,1
4790,2504800,1
4791,2504800,1
4792,2504800,1
4793,2504800,1
4795,2504800,1
4794,2504800,1
